0,100032540_1.jpg,1618,1522
1,100040721_1.jpg,715,704
2,100040721_2.jpg,648,649
3,1002681492_1.jpg,1024,681
4,1004467229_1.jpg,562,452
5,100466187_1.jpg,1060,1192
6,100591971_1.jpg,768,1024
7,100843687_1.jpg,739,1002
8,1010057391_1.jpg,892,1188
9,1012675629_1.jpg,1301,1160
10,1012675629_2.jpg,1102,1103
11,1018882799_1.jpg,2780,2256
12,1019068877_1.jpg,1776,1699
13,1021890651_1.jpg,2048,1365
14,1030333538_1.jpg,800,536
15,103236168_1.jpg,1099,1098
16,103236168_2.jpg,1141,1020
17,1033312112_1.jpg,1676,1676
18,1033312288_1.jpg,2095,2095
19,1037255513_1.jpg,3008,2000
20,103770709_1.jpg,640,480
21,103887554_1.jpg,2573,2112
22,10405146_1.jpg,1488,2240
23,10405299_1.jpg,1488,1650
24,10405424_1.jpg,1488,1690
25,10406776_1.jpg,1488,1825
26,10407038_1.jpg,1488,2138
27,104074861_1.jpg,1280,960
28,1045887134_1.jpg,685,1024
29,1045890692_1.jpg,685,1024
30,1050957686_1.jpg,946,946
31,1050957686_2.jpg,839,839
32,105300174_1.jpg,1272,1200
33,105300174_2.jpg,1211,1200
34,105455387_1.jpg,1587,1696
35,105538305_1.jpg,1024,768
36,106242334_1.jpg,822,932
37,106326063_1.jpg,1931,1910
38,106348540_1.jpg,966,627
39,106393487_1.jpg,3249,2304
40,1063957157_1.jpg,1024,731
41,10697993_1.jpg,960,1280
42,1070861406_1.jpg,1226,1096
43,107288942_1.jpg,1092,1638
44,107473045_1.jpg,2880,2880
45,107635070_1.jpg,800,557
46,1079156334_1.jpg,1200,1200
47,108349477_1.jpg,1709,1697
48,1084919955_1.jpg,589,650
49,109172267_1.jpg,1020,1232
50,109209934_1.jpg,1804,1704
51,1092587063_1.jpg,917,917
52,110520830_5.jpg,418,566
53,110520830_6.jpg,529,402
54,110592002_1.jpg,2909,2304
55,110886318_1.jpg,600,732
56,110890106_1.jpg,1019,1106
57,1110051647_1.jpg,1267,1309
58,1110051647_2.jpg,1060,1060
59,1111575413_1.jpg,489,547
60,111168419_1.jpg,640,426
61,1112052992_1.jpg,1200,798
62,111247636_1.jpg,1026,863
63,111287440_1.jpg,633,480
64,111510095_1.jpg,462,634
65,1115234911_1.jpg,1220,960
66,111714273_1.jpg,800,667
67,111835766_1.jpg,513,619
68,111836119_1.jpg,624,623
69,112117768_1.jpg,1273,1110
70,1124465440_1.jpg,1279,1278
71,1125456779_1.jpg,995,927
72,112655203_1.jpg,2002,1365
73,1128654081_1.jpg,864,554
74,1129801707_1.jpg,1024,683
75,11329920_1.jpg,1363,1232
76,1142136696_1.jpg,502,607
77,114226877_1.jpg,1555,1152
78,1144216773_1.jpg,1500,996
79,114487865_1.jpg,2782,2510
80,114501272_1.jpg,2592,3532
81,114530171_1.jpg,915,930
82,1150779944_1.jpg,1694,1213
83,1156177278_1.jpg,2048,1365
84,11564757_1.jpg,578,658
85,11564757_2.jpg,830,623
86,115774957_1.jpg,783,761
87,1160859039_1.jpg,773,1024
88,1163855977_1.jpg,2092,2517
89,1165647416_1.jpg,640,640
90,1166270350_1.jpg,847,768
91,1167462532_1.jpg,889,857
92,117402372_1.jpg,714,800
93,117518507_1.jpg,3347,2231
94,117634057_1.jpg,1024,768
95,117932364_1.jpg,1374,1451
96,1181568002_1.jpg,2614,2075
97,118471529_1.jpg,799,600
98,118554337_1.jpg,2046,3069
99,118736691_1.jpg,2048,1365
100,118736733_1.jpg,1024,1010
101,118736733_2.jpg,1024,1167
102,118736828_1.jpg,1348,1340
103,118737215_1.jpg,2048,1365
104,1188369899_1.jpg,1024,683
105,118929551_1.jpg,2160,1440
106,1195037433_1.jpg,856,576
107,1198061571_1.jpg,3000,2400
108,1199742157_1.jpg,988,1006
109,1207566864_1.jpg,853,939
110,1207662328_2.jpg,968,969
111,120801881_1.jpg,838,667
112,1208068331_1.jpg,2803,1869
113,121204156_1.jpg,510,800
114,1212934783_1.jpg,2942,2000
115,121442928_1.jpg,793,1019
116,121720434_1.jpg,719,533
117,1218567979_2.jpg,1018,1018
118,1218567979_3.jpg,1051,940
119,1220825867_1.jpg,1403,960
120,122276700_1.jpg,928,685
121,1223190031_1.jpg,1256,960
122,1224500832_1.jpg,2336,3504
123,1227072121_1.jpg,816,1351
124,122942927_1.jpg,840,636
125,1233476865_1.jpg,2736,3582
126,1234292822_1.jpg,2736,3473
127,1238081332_1.jpg,976,773
128,1238488784_1.jpg,1697,1746
129,1240101737_1.jpg,2865,2592
130,1240746154_1.jpg,402,600
131,1242475639_1.jpg,1024,685
132,12425820_1.jpg,846,826
133,124399360_1.jpg,1244,1262
134,124787194_1.jpg,1097,1104
135,1252885598_1.jpg,1936,2076
136,1259817140_1.jpg,2212,1915
137,126229661_1.jpg,2081,1766
138,1263447841_1.jpg,1425,1200
139,1265948983_1.jpg,799,800
140,1265969136_1.jpg,927,683
141,1266283652_1.jpg,1393,1366
142,1266283652_2.jpg,1146,1145
143,126968967_1.jpg,1944,2480
144,1269816217_1.jpg,847,847
145,1269874180_1.jpg,3072,2048
146,1270609209_1.jpg,902,857
147,1270798682_2.jpg,883,883
148,1271089376_1.jpg,1269,1268
149,1271089376_2.jpg,1279,1278
150,127567332_1.jpg,830,750
151,127627778_1.jpg,454,640
152,1279298224_1.jpg,2048,1365
153,12799337_1.jpg,1600,1066
154,1281789661_1.jpg,1698,1539
155,128244378_1.jpg,1998,1536
156,1290921548_1.jpg,1466,1587
157,129408727_1.jpg,1126,1126
158,129594949_1.jpg,600,900
159,129647068_1.jpg,960,1280
160,1297446285_1.jpg,2048,1536
161,1302175180_1.jpg,1212,1351
162,130361594_1.jpg,1360,1359
163,130625688_1.jpg,1003,768
164,1308054912_1.jpg,1024,768
165,1308649036_1.jpg,768,768
166,130893906_1.jpg,1200,1154
167,130927718_1.jpg,1220,1220
168,1312213009_1.jpg,1114,1114
169,1313109242_1.jpg,1497,1497
170,131437823_1.jpg,640,480
171,131787989_1.jpg,865,1057
172,131853693_1.jpg,1550,1550
173,1327964792_1.jpg,3239,2304
174,1328530642_1.jpg,2076,2731
175,133275383_1.jpg,2048,1365
176,133275413_1.jpg,1502,1237
177,1336365736_1.jpg,546,800
178,1342606231_1.jpg,3424,2257
179,1344304961_1.jpg,900,960
180,1344739819_1.jpg,1002,1002
181,134979550_1.jpg,992,993
182,135246139_1.jpg,1920,1828
183,1353029373_1.jpg,1009,1009
184,1353452443_1.jpg,2048,2989
185,1356888436_1.jpg,800,536
186,1356962652_1.jpg,857,683
187,1357085028_1.jpg,1763,1899
188,13601258_1.jpg,1284,1200
189,13601448_1.jpg,1276,1200
190,13601661_1.jpg,1223,1130
191,13602254_1.jpg,1216,1200
192,13653802_1.jpg,981,932
193,137346980_1.jpg,1321,1055
194,1375169218_1.jpg,640,426
195,1377746898_1.jpg,1093,859
196,13789611_1.jpg,1358,1358
197,1379651992_1.jpg,2661,2892
198,1382054700_1.jpg,819,614
199,1384775111_1.jpg,816,1000
200,1385689774_1.jpg,1000,796
201,1392458475_1.jpg,1822,1822
202,1394430375_1.jpg,1370,1342
203,13970241_1.jpg,996,851
204,1399115619_1.jpg,1293,1391
205,1402640447_1.jpg,788,1024
206,1404106170_1.jpg,1024,768
207,1404860998_1.jpg,748,921
208,1405372343_1.jpg,1024,681
209,140606432_1.jpg,600,800
210,1407641926_1.jpg,2588,1618
211,1408008592_1.jpg,2240,2000
212,1408606093_1.jpg,800,1032
213,1409035501_1.jpg,1618,2125
214,1409035501_2.jpg,1785,2071
215,1411496009_1.jpg,1024,768
216,1412970826_1.jpg,898,1295
217,1413333405_1.jpg,1297,1396
218,1414607508_1.jpg,2320,2320
219,141794264_1.jpg,1183,850
220,1418178512_1.jpg,667,1024
221,1418180068_1.jpg,667,865
222,1418181204_1.jpg,667,843
223,1419222657_1.jpg,1024,1024
224,1419583212_1.jpg,1398,1398
225,1420413841_1.jpg,1088,1254
226,1420413841_2.jpg,906,906
227,1421150832_1.jpg,2048,1365
228,1422581646_1.jpg,1365,2012
229,1422700214_1.jpg,2592,3888
230,1425317189_1.jpg,1463,1705
231,1425321029_1.jpg,1124,1381
232,1425648903_1.jpg,1142,1142
233,1425648903_2.jpg,916,916
234,1426539072_1.jpg,1141,1171
235,1426539072_2.jpg,1014,1014
236,1426553012_1.jpg,985,970
237,142661608_1.jpg,924,768
238,1427742925_1.jpg,2736,3648
239,1429029478_1.jpg,1648,1760
240,1429860583_1.jpg,855,741
241,1430618662_1.jpg,571,800
242,143196796_1.jpg,1354,1365
243,1434217156_1.jpg,3184,2562
244,143588896_1.jpg,3008,2000
245,1436253170_1.jpg,2085,2085
246,1437632861_1.jpg,1722,1766
247,143950153_1.jpg,1200,1600
248,1439641049_1.jpg,1841,1858
249,14403172_1.jpg,1480,1479
250,1440499238_1.jpg,1920,2012
251,1440500396_1.jpg,1196,1196
252,1440501186_1.jpg,928,927
253,1440954129_1.jpg,704,1024
254,1440954875_1.jpg,1024,687
255,1443377029_1.jpg,1610,1610
256,144402621_1.jpg,978,768
257,1447083015_1.jpg,1204,1062
258,1447762196_1.jpg,1107,940
259,144837725_1.jpg,805,760
260,145548320_1.jpg,3456,2304
261,1455826575_1.jpg,964,681
262,1458242965_1.jpg,1187,1187
263,1458971524_1.jpg,1148,1148
264,1459110420_1.jpg,1132,1133
265,1461557880_1.jpg,1584,1160
266,146623854_1.jpg,1024,768
267,1466887621_1.jpg,1498,1498
268,1467878637_1.jpg,1224,1024
269,146827737_1.jpg,640,790
270,1468798538_1.jpg,2027,1697
271,146978430_1.jpg,759,768
272,146978430_2.jpg,848,745
273,1470006576_1.jpg,1831,1831
274,147110327_1.jpg,2560,1920
275,1471928356_1.jpg,600,788
276,147226455_1.jpg,1578,1594
277,1477005205_1.jpg,1396,1724
278,148348993_1.jpg,3008,2000
279,148351850_1.jpg,1522,1523
280,149162488_1.jpg,1007,768
281,149773224_1.jpg,2592,1944
282,1499030378_1.jpg,1000,771
283,15024375_1.jpg,1600,1200
284,150324675_1.jpg,418,640
285,1504594019_1.jpg,1996,1996
286,150557677_1.jpg,681,1024
287,150766294_1.jpg,2131,1698
288,150766294_2.jpg,1503,1626
289,1507775914_1.jpg,1280,853
290,1515641689_1.jpg,1045,871
291,1515641689_2.jpg,901,853
292,1515681113_1.jpg,749,898
293,1517093691_1.jpg,853,1197
294,151902153_1.jpg,3132,2304
295,151905797_1.jpg,3456,2304
296,151906456_1.jpg,3456,2304
297,1522875567_1.jpg,731,950
298,1525046335_1.jpg,3259,2337
299,1525918600_1.jpg,4000,3000
300,1527094652_1.jpg,982,981
301,1528184869_1.jpg,2048,1536
302,1529613122_1.jpg,1089,1165
303,153057847_1.jpg,462,640
304,1537303575_1.jpg,810,840
305,1541108261_1.jpg,731,1024
306,1543376624_1.jpg,2224,2731
307,15451707_1.jpg,787,1050
308,154598717_1.jpg,850,638
309,154598718_1.jpg,762,638
310,155093594_1.jpg,837,838
311,155271502_1.jpg,1416,1200
312,1553164891_1.jpg,853,1280
313,155338254_1.jpg,452,640
314,155393981_1.jpg,3229,2304
315,1557684070_1.jpg,1953,1953
316,1563845683_1.jpg,1464,1464
317,1563845683_2.jpg,1336,1336
318,1571181976_1.jpg,2522,2176
319,1571340973_1.jpg,1024,683
320,158249995_1.jpg,640,640
321,1586174785_1.jpg,1920,2560
322,1589999087_1.jpg,1008,1286
323,1593252454_1.jpg,1562,1294
324,1599258772_1.jpg,333,500
325,160529391_1.jpg,1583,1590
326,160565613_2.jpg,1428,1687
327,1613734064_1.jpg,640,427
328,161795809_1.jpg,1158,1032
329,161868885_1.jpg,640,480
330,1620560362_1.jpg,3024,1998
331,1629243_1.jpg,712,833
332,163480244_1.jpg,2486,3728
333,16422719_1.jpg,768,989
334,164260909_1.jpg,533,800
335,164403300_1.jpg,1024,768
336,164866565_1.jpg,1216,1216
337,16542667_1.jpg,768,1024
338,16547388_1.jpg,768,979
339,1657179414_1.jpg,689,771
340,1657180938_1.jpg,872,859
341,1657180938_2.jpg,1041,859
342,166033328_1.jpg,884,818
343,166874039_1.jpg,2062,2567
344,166874696_1.jpg,1629,1628
345,1673608778_1.jpg,3592,2238
346,167604947_1.jpg,797,1024
347,167629013_1.jpg,1000,750
348,167671232_1.jpg,599,900
349,167671301_1.jpg,655,900
350,167671345_1.jpg,599,900
351,168907806_1.jpg,1944,2592
352,1689766277_1.jpg,1200,1440
353,1691280456_1.jpg,1387,1209
354,1691766_1.jpg,521,742
355,169346774_1.jpg,955,1127
356,169346774_2.jpg,1373,1524
357,169598954_1.jpg,1024,768
358,1698375922_1.jpg,2799,2000
359,1700687106_1.jpg,1090,1091
360,170508172_1.jpg,2112,2816
361,170803072_1.jpg,1356,1356
362,1710672384_1.jpg,1024,768
363,171198578_1.jpg,819,681
364,171198578_2.jpg,892,681
365,171907511_1.jpg,822,768
366,171907511_2.jpg,921,768
367,17192052_1.jpg,960,1280
368,172183000_1.jpg,2048,2706
369,172375929_1.jpg,1022,768
370,172972325_1.jpg,1495,1495
371,173153701_2.jpg,804,969
372,173153769_1.jpg,908,909
373,173153923_2.jpg,637,637
374,17349955_1.jpg,1100,1101
375,173744986_1.jpg,822,760
376,173744986_2.jpg,835,720
377,173808384_1.jpg,981,982
378,173808384_2.jpg,903,903
379,17464842_1.jpg,2022,1536
380,1752922795_1.jpg,960,1280
381,1753022691_1.jpg,960,1214
382,1753768714_1.jpg,960,1280
383,1753941007_1.jpg,1018,771
384,1757432712_1.jpg,724,972
385,175991309_2.jpg,1059,1059
386,178046512_1.jpg,2592,3872
387,178428696_1.jpg,1004,1004
388,1784763527_1.jpg,1470,1074
389,1793202210_1.jpg,640,480
390,179820698_1.jpg,2994,2332
391,1799534916_1.jpg,853,1280
392,1800576628_1.jpg,1070,1567
393,1801024299_1.jpg,1354,1325
394,1801024299_2.jpg,1496,1497
395,1801024299_3.jpg,1206,1206
396,180986261_1.jpg,1017,1024
397,1809894544_2.jpg,1092,1092
398,1812732159_1.jpg,829,859
399,181707205_1.jpg,4265,3164
400,181839385_1.jpg,1774,1331
401,182573594_1.jpg,853,971
402,182804431_1.jpg,1050,819
403,183204955_1.jpg,480,640
404,1843394852_1.jpg,836,680
405,1844911065_1.jpg,889,888
406,1844926255_1.jpg,1004,1004
407,1844930191_1.jpg,975,960
408,1845765682_1.jpg,1163,1163
409,18467619_1.jpg,1280,851
410,18467629_1.jpg,1280,851
411,185377791_1.jpg,851,1280
412,185577937_1.jpg,1149,1694
413,1860419055_1.jpg,2592,2592
414,1861774022_1.jpg,1356,997
415,1861796452_1.jpg,1441,1066
416,186403955_1.jpg,1890,1939
417,1868687324_1.jpg,1179,1179
418,1878818683_1.jpg,1043,955
419,188293705_1.jpg,1420,1240
420,1887411993_1.jpg,731,1024
421,1895136013_1.jpg,2000,2607
422,190546275_1.jpg,700,525
423,190620212_1.jpg,880,880
424,1908146310_1.jpg,533,790
425,1909003307_1.jpg,1269,1208
426,191895648_1.jpg,703,863
427,192804444_1.jpg,1329,984
428,193929298_1.jpg,2304,3456
429,194136419_1.jpg,871,1298
430,194574878_1.jpg,2304,3078
431,194833666_1.jpg,810,908
432,1954949800_1.jpg,1632,1366
433,196066281_1.jpg,1111,1254
434,1961032923_1.jpg,3940,2912
435,19618587_1.jpg,796,883
436,1962410129_1.jpg,2912,4368
437,1962577879_1.jpg,953,954
438,1982207444_1.jpg,1185,1185
439,198386414_1.jpg,1752,1168
440,1987283210_1.jpg,588,844
441,1987287630_1.jpg,580,864
442,199718034_1.jpg,600,900
443,200506188_1.jpg,766,902
444,2005566839_1.jpg,1120,1121
445,2005566839_2.jpg,1145,1145
446,2005566839_3.jpg,837,836
447,200748267_1.jpg,1676,1536
448,2008481784_1.jpg,640,480
449,2010631499_1.jpg,1024,679
450,201678202_1.jpg,851,1115
451,201752783_1.jpg,683,979
452,2024017324_1.jpg,2619,2361
453,202516196_1.jpg,1042,1043
454,20301003_1.jpg,2048,1536
455,2030224419_1.jpg,1000,1500
456,20315024_1.jpg,1455,1434
457,20315024_2.jpg,838,1272
458,203328057_1.jpg,1200,1200
459,2036310656_1.jpg,1024,647
460,2038888040_1.jpg,1398,1914
461,2041377546_1.jpg,731,1024
462,2042747277_1.jpg,731,920
463,2044659361_1.jpg,900,1200
464,2044777702_1.jpg,1383,1384
465,2044777702_2.jpg,1051,1051
466,2045370744_1.jpg,1813,1945
467,2045370744_3.jpg,2380,2336
468,2047351146_1.jpg,913,681
469,2048930268_1.jpg,3072,2304
470,2054916149_1.jpg,1536,1536
471,2056280349_1.jpg,996,1005
472,2056886445_1.jpg,1318,1088
473,2057113858_1.jpg,1024,683
474,2057777633_1.jpg,1365,2048
475,2057899604_1.jpg,602,602
476,205848147_1.jpg,1696,1472
477,2058725932_1.jpg,2816,2112
478,2061605575_1.jpg,1026,1143
479,2061993362_1.jpg,3802,2912
480,2062420464_1.jpg,998,731
481,206273130_1.jpg,457,640
482,206283602_2.jpg,1404,1405
483,206413799_1.jpg,1141,853
484,206448817_1.jpg,1097,939
485,2064537523_1.jpg,2261,1716
486,2064711146_1.jpg,640,480
487,2065218949_1.jpg,667,923
488,2065219235_1.jpg,667,1000
489,2066231667_1.jpg,446,611
490,2066420581_1.jpg,1178,1178
491,2067453390_1.jpg,699,682
492,206905865_1.jpg,1581,1367
493,206906451_1.jpg,2048,1367
494,206907073_1.jpg,1990,1367
495,206907279_1.jpg,1599,1367
496,2070105355_1.jpg,899,1361
497,2070105355_2.jpg,1210,1209
498,2070105355_3.jpg,1208,1209
499,2070105355_4.jpg,1324,1324
500,2070105355_5.jpg,1193,1193
501,2070484849_1.jpg,800,540
502,2070634156_1.jpg,1070,990
503,2071191303_1.jpg,991,960
504,2071191303_2.jpg,1089,960
505,2072336994_1.jpg,640,433
506,2073353251_1.jpg,840,681
507,2075932440_1.jpg,1024,731
508,2076194857_1.jpg,1124,1072
509,2076592686_1.jpg,3078,2592
510,2076592686_2.jpg,2617,2592
511,2076592686_3.jpg,2803,2006
512,2078249976_1.jpg,1024,731
513,2078419146_1.jpg,1024,726
514,2081258704_1.jpg,1176,1171
515,2081777014_1.jpg,1768,1365
516,2081778308_1.jpg,1200,1800
517,2082180458_1.jpg,900,540
518,2082267415_2.jpg,1460,1653
519,2082267415_3.jpg,1450,1636
520,2082655557_2.jpg,813,782
521,2083040467_1.jpg,958,669
522,2083053412_1.jpg,2336,1866
523,2083979194_1.jpg,2409,1932
524,2084520102_1.jpg,627,425
525,2085165542_1.jpg,760,509
526,2086429604_1.jpg,1385,1316
527,208796082_1.jpg,1647,1708
528,2088010176_2.jpg,795,800
529,2088010176_3.jpg,1069,800
530,2088941067_1.jpg,965,683
531,2091094311_1.jpg,2692,4039
532,2091167603_1.jpg,562,640
533,2091300387_1.jpg,852,580
534,2091477588_1.jpg,1337,1390
535,2091682510_1.jpg,1167,1495
536,2091918525_1.jpg,670,666
537,2091990193_1.jpg,1451,1200
538,2092281650_1.jpg,785,993
539,2093465867_1.jpg,963,970
540,2093746851_1.jpg,1748,1849
541,2093747255_1.jpg,1326,1326
542,2094505527_1.jpg,855,933
543,2096196849_1.jpg,2778,2362
544,2096500784_1.jpg,2005,2000
545,2097991401_1.jpg,1293,1399
546,2097991401_2.jpg,1123,1333
547,2097991401_3.jpg,1091,1244
548,209833308_1.jpg,1416,1541
549,2098713580_1.jpg,1653,1536
550,2098713580_2.jpg,1395,1265
551,2099071245_1.jpg,2497,2503
552,2099071761_1.jpg,2592,2592
553,2099073485_1.jpg,3456,2592
554,2099144186_1.jpg,702,788
555,2100602343_1.jpg,2426,2205
556,2100608030_1.jpg,2150,2134
557,2100608030_2.jpg,1933,1848
558,2101754919_1.jpg,2497,1944
559,2102099439_1.jpg,1246,1246
560,2102458056_1.jpg,768,1024
561,2103921848_1.jpg,1064,812
562,210422851_1.jpg,1539,1416
563,2104329024_1.jpg,2987,1992
564,2104338762_1.jpg,960,1280
565,2104726907_1.jpg,768,1024
566,2104855895_1.jpg,988,988
567,2106008703_1.jpg,1520,1136
568,2106011059_1.jpg,1459,1075
569,2106789492_1.jpg,1404,1075
570,2106937488_1.jpg,640,366
571,2108298351_1.jpg,942,812
572,2108725174_1.jpg,1200,1175
573,2109187532_1.jpg,1337,1298
574,2109755281_3.jpg,2436,2068
575,2109755281_4.jpg,2903,2068
576,2113106881_1.jpg,800,600
577,211373432_1.jpg,998,768
578,2113885560_1.jpg,1237,1237
579,2115342511_1.jpg,800,599
580,2115806866_1.jpg,877,941
581,2115806866_2.jpg,782,779
582,2115806866_3.jpg,785,781
583,21161074_1.jpg,1500,1000
584,2116626844_2.jpg,1288,1216
585,2117134810_1.jpg,1522,1515
586,2117789390_1.jpg,919,919
587,2118321955_1.jpg,480,640
588,2118601275_1.jpg,1275,1314
589,2118655483_1.jpg,2640,2543
590,2119231041_1.jpg,360,541
591,212409770_1.jpg,1463,1551
592,2124608043_1.jpg,768,1024
593,2124611787_1.jpg,768,1014
594,2124708927_1.jpg,1004,768
595,2124851274_1.jpg,1311,1426
596,212515669_1.jpg,937,680
597,212515672_1.jpg,1360,1568
598,2125387076_1.jpg,768,1024
599,2125467698_1.jpg,820,768
600,2127986751_1.jpg,768,964
601,212960843_1.jpg,995,995
602,2129982991_1.jpg,3452,2100
603,213033315_1.jpg,1213,1080
604,213033657_1.jpg,1065,1061
605,213034581_1.jpg,1016,1034
606,213034733_1.jpg,1213,1068
607,2130531101_1.jpg,1960,1623
608,2134232899_1.jpg,1126,1126
609,2134232899_2.jpg,1020,1020
610,2134243149_1.jpg,1100,1100
611,2134243149_2.jpg,911,911
612,2134262703_1.jpg,928,928
613,2134262703_2.jpg,897,897
614,2134266399_1.jpg,1110,1110
615,213440091_1.jpg,759,768
616,213442073_1.jpg,927,768
617,2135034002_1.jpg,1143,1143
618,2135432270_1.jpg,1522,1801
619,2136232809_1.jpg,1024,768
620,213643624_2.jpg,1359,1415
621,213729601_1.jpg,1360,1406
622,2137551460_1.jpg,1306,1173
623,2138195672_1.jpg,1024,939
624,2138681738_1.jpg,2816,2120
625,2138851191_1.jpg,3648,2736
626,2139626906_1.jpg,3408,2736
627,2139633946_1.jpg,2097,2098
628,2139663057_1.jpg,1685,1684
629,2139663057_2.jpg,1592,1469
630,2139669544_1.jpg,3648,2736
631,2139691983_1.jpg,899,899
632,2139755289_1.jpg,2000,2794
633,2139767101_1.jpg,914,914
634,2139767101_2.jpg,809,809
635,2139831977_2.jpg,1206,1122
636,2140513376_1.jpg,2267,1963
637,2140530512_1.jpg,1671,1805
638,2140556694_1.jpg,764,764
639,2140556694_2.jpg,752,751
640,2140620254_1.jpg,1176,1177
641,2140620254_2.jpg,1103,1103
642,214426541_2.jpg,1599,1852
643,214778625_1.jpg,887,768
644,2150051470_1.jpg,2227,1728
645,2150051470_2.jpg,2326,1728
646,2150058510_1.jpg,1536,1976
647,215033154_1.jpg,1728,1149
648,2151607444_1.jpg,3264,2448
649,2152239275_1.jpg,1812,1512
650,2152239275_2.jpg,1860,1512
651,2156807524_1.jpg,1172,1172
652,21582960_1.jpg,1728,2304
653,2158901099_1.jpg,655,883
654,216195276_1.jpg,951,853
655,2163071133_1.jpg,2336,2617
656,2163747900_1.jpg,640,800
657,2163829312_1.jpg,2207,2116
658,2164052578_1.jpg,1841,2237
659,2164761297_1.jpg,826,796
660,2164847927_1.jpg,798,1099
661,2165005475_1.jpg,889,1200
662,2165347834_1.jpg,948,1196
663,2165528796_1.jpg,904,798
664,2165528796_2.jpg,853,798
665,2165593916_1.jpg,1067,1200
666,2166384323_1.jpg,1024,507
667,2167059698_1.jpg,1055,1305
668,2167135339_1.jpg,2047,1944
669,2167135339_2.jpg,1558,1443
670,2167180876_1.jpg,1350,1350
671,2167874246_1.jpg,2945,2592
672,2168442441_1.jpg,1271,1634
673,2168442533_1.jpg,873,638
674,2168477255_1.jpg,1197,861
675,2169267682_1.jpg,623,905
676,2169268854_1.jpg,954,843
677,2169601621_1.jpg,1309,1309
678,2170250827_1.jpg,1169,827
679,2170402460_1.jpg,1960,2626
680,21705205_1.jpg,2433,2520
681,21710996_1.jpg,2877,2448
682,2172479811_1.jpg,2381,1954
683,2173271902_1.jpg,3504,2336
684,2175042512_1.jpg,1007,683
685,2175629058_1.jpg,1611,1611
686,2177168298_1.jpg,683,1024
687,2177175118_1.jpg,2307,2434
688,2180195389_1.jpg,972,973
689,2181559194_1.jpg,2261,3166
690,2182024730_1.jpg,1004,917
691,2182951022_1.jpg,428,640
692,2184781988_1.jpg,1120,897
693,2185205964_1.jpg,1511,1439
694,2185205964_2.jpg,1509,1439
695,218904413_1.jpg,1868,1704
696,218904413_2.jpg,1782,1704
697,218904494_1.jpg,1414,1254
698,2189567066_1.jpg,2337,1879
699,2190740171_1.jpg,1200,972
700,2190903226_1.jpg,3256,2304
701,2191376922_1.jpg,1200,798
702,2191423425_1.jpg,792,943
703,2191845292_1.jpg,2572,2048
704,2193408004_1.jpg,480,606
705,2193639644_1.jpg,640,480
706,2194332767_1.jpg,853,1280
707,2195120494_1.jpg,853,1200
708,2195120626_1.jpg,773,931
709,2195220502_1.jpg,1526,1517
710,2195358708_1.jpg,1300,1879
711,219669940_1.jpg,640,480
712,2196749951_1.jpg,2736,2304
713,219709038_1.jpg,918,683
714,2198286445_1.jpg,1517,1067
715,2200344234_1.jpg,1932,2373
716,2200730806_1.jpg,2448,3264
717,2200760295_1.jpg,882,1200
718,2201151487_1.jpg,857,1280
719,2201910996_1.jpg,1011,859
720,2201942026_1.jpg,857,1132
721,2201943712_1.jpg,885,795
722,2201943712_2.jpg,788,816
723,2202089258_1.jpg,640,480
724,2202741165_3.jpg,861,860
725,2203538277_1.jpg,480,640
726,2203693721_2.jpg,2070,2108
727,2203694817_1.jpg,2223,2380
728,2203695965_1.jpg,2116,2205
729,2203696399_2.jpg,1919,2344
730,2204494382_1.jpg,1639,1830
731,2204494382_2.jpg,1754,1919
732,2204495618_1.jpg,1506,1507
733,2204495618_2.jpg,1482,1482
734,2204502578_1.jpg,640,480
735,2205474871_1.jpg,984,916
736,2205474871_2.jpg,959,959
737,2205474871_3.jpg,950,949
738,2208472833_1.jpg,1800,2300
739,2208472833_2.jpg,2000,2000
740,2209809995_1.jpg,903,881
741,2210601282_1.jpg,927,927
742,221068652_2.jpg,1883,1883
743,221068652_3.jpg,1467,1282
744,2210716757_1.jpg,912,913
745,2210851928_1.jpg,2298,3664
746,2211065399_1.jpg,910,896
747,2211065399_2.jpg,726,785
748,2211542693_1.jpg,803,802
749,221174143_1.jpg,865,683
750,221238636_1.jpg,850,638
751,221272641_1.jpg,1341,1067
752,221278406_1.jpg,2279,1552
753,2212956363_1.jpg,1365,2014
754,2214566485_1.jpg,375,500
755,221458225_1.jpg,333,500
756,2214699699_1.jpg,683,1024
757,2214772465_1.jpg,850,1025
758,2215829570_1.jpg,1446,1685
759,2216045499_1.jpg,3154,2304
760,221629697_1.jpg,3054,2304
761,2216370944_1.jpg,480,640
762,2216480518_1.jpg,959,958
763,2218537300_1.jpg,768,1024
764,2219165887_1.jpg,2755,2336
765,2220556464_1.jpg,1980,2270
766,2220556464_2.jpg,2463,2912
767,2220706683_1.jpg,681,1024
768,2221495758_1.jpg,681,1024
769,2222444403_1.jpg,888,680
770,2223862191_1.jpg,640,398
771,222388800_1.jpg,2048,1365
772,2224610174_1.jpg,1295,1295
773,2225440586_1.jpg,2992,2992
774,2227646745_2.jpg,1040,1040
775,2228100915_1.jpg,1023,1023
776,2228100915_2.jpg,970,970
777,2228100915_3.jpg,861,861
778,2229166768_1.jpg,913,963
779,2229763779_2.jpg,787,787
780,2229774739_1.jpg,1108,805
781,2229778733_1.jpg,1909,2448
782,2229778733_2.jpg,2191,1862
783,2229778733_3.jpg,1633,1662
784,2229778733_4.jpg,1717,1305
785,2229969688_1.jpg,626,620
786,2230569196_3.jpg,1214,1486
787,2230569196_4.jpg,1277,1277
788,2231190459_1.jpg,502,750
789,2231468853_1.jpg,1302,1506
790,2231989317_1.jpg,1000,817
791,2232426029_1.jpg,1398,1398
792,2233231554_1.jpg,2038,2738
793,2233250688_1.jpg,2584,2112
794,2233368704_1.jpg,945,1172
795,2233368704_2.jpg,1030,1030
796,2233368704_3.jpg,752,842
797,2233737284_1.jpg,1802,1695
798,2233737284_2.jpg,1938,1695
799,2234753986_1.jpg,2415,2270
800,2236814888_1.jpg,1104,1104
801,2236814888_2.jpg,1155,1155
802,224036417_1.jpg,902,874
803,224036417_2.jpg,847,846
804,2240876637_1.jpg,1517,1286
805,2241015901_1.jpg,1681,2048
806,2241609352_1.jpg,888,1280
807,2242655460_1.jpg,507,640
808,2244553371_1.jpg,3888,2592
809,2246883372_1.jpg,2433,2000
810,224690170_1.jpg,1258,1003
811,224905605_1.jpg,830,1087
812,2249998377_1.jpg,1466,1780
813,2250199357_1.jpg,1812,1556
814,2250369835_1.jpg,788,1007
815,2251139211_1.jpg,1904,1890
816,2251139211_2.jpg,1554,1370
817,2251201726_1.jpg,922,684
818,2254584858_1.jpg,1362,1666
819,2255538912_1.jpg,426,631
820,2255555023_1.jpg,818,717
821,2257099355_1.jpg,1083,1083
822,2257305766_1.jpg,2448,3264
823,2257804450_1.jpg,427,640
824,2258913498_1.jpg,864,865
825,2262286043_1.jpg,706,802
826,2262722996_1.jpg,1013,785
827,2264901367_1.jpg,800,600
828,2267933931_1.jpg,800,965
829,2267947745_1.jpg,834,1165
830,2268207831_1.jpg,640,479
831,2268738156_1.jpg,2297,2297
832,2269501063_1.jpg,1724,1725
833,2270525548_1.jpg,1512,1666
834,2276629742_1.jpg,1787,1757
835,2276629742_2.jpg,1467,1519
836,2277805385_1.jpg,851,673
837,2279324750_1.jpg,800,822
838,227943776_1.jpg,1738,1737
839,2282207808_1.jpg,1002,683
840,2286067877_1.jpg,716,797
841,22864555_1.jpg,1200,1600
842,2286982317_1.jpg,1245,1371
843,2286982317_2.jpg,1373,1373
844,2289185361_1.jpg,783,532
845,228950047_1.jpg,700,467
846,2289530648_1.jpg,1180,1180
847,2289874177_1.jpg,1341,1788
848,2289957281_1.jpg,2054,2568
849,2290385398_2.jpg,2877,2592
850,22920624_1.jpg,1000,1240
851,2292430114_1.jpg,695,847
852,2293417920_1.jpg,1297,1297
853,2293424058_1.jpg,2066,2031
854,2293424058_2.jpg,1735,1735
855,2293429456_1.jpg,2134,2134
856,2294325056_1.jpg,3504,2336
857,2295734120_1.jpg,799,798
858,2296662024_1.jpg,1502,1224
859,2296738336_1.jpg,2009,2010
860,2298271312_1.jpg,1154,900
861,2300713390_1.jpg,3264,2448
862,2301024765_1.jpg,1365,1804
863,230131544_1.jpg,1255,1292
864,2301548674_1.jpg,685,1024
865,2302182824_1.jpg,640,500
866,2302208915_1.jpg,1079,1079
867,2302240607_1.jpg,1206,1326
868,2302240607_2.jpg,1204,1204
869,2302927584_1.jpg,835,836
870,2302987350_1.jpg,898,869
871,2303538653_1.jpg,598,876
872,2304061735_1.jpg,962,724
873,2304174066_1.jpg,640,517
874,230420772_1.jpg,2304,2629
875,2304715356_1.jpg,877,683
876,230499681_1.jpg,3504,2336
877,230501201_1.jpg,2336,3297
878,2305845249_1.jpg,1148,800
879,2306258846_1.jpg,578,521
880,2306396832_1.jpg,683,1024
881,2307775231_1.jpg,1574,1365
882,2308489181_1.jpg,890,890
883,2308489181_2.jpg,850,851
884,2308489181_3.jpg,939,938
885,2308648441_1.jpg,3056,2592
886,231216392_1.jpg,1268,1414
887,2312289834_1.jpg,1437,1467
888,2312507373_1.jpg,2592,3888
889,231292975_1.jpg,1661,1536
890,2313830319_1.jpg,3072,2048
891,2314301953_1.jpg,710,961
892,2314307459_1.jpg,1024,683
893,2315111554_1.jpg,1024,683
894,2315541918_1.jpg,3325,2443
895,2317364698_1.jpg,1121,1121
896,2317364698_2.jpg,920,920
897,2318977243_1.jpg,2382,3526
898,2320093697_1.jpg,2304,1728
899,2320120349_1.jpg,932,1016
900,2320120349_2.jpg,1009,1049
901,2320215864_1.jpg,1397,1063
902,2320302773_1.jpg,2268,1826
903,2321686152_1.jpg,2048,1536
904,232194_1.jpg,1481,1200
905,2322139919_1.jpg,1224,1179
906,232329021_1.jpg,895,768
907,2324602074_1.jpg,2303,3157
908,2324645033_1.jpg,985,786
909,2325274893_1.jpg,1166,1166
910,2325274893_2.jpg,1161,1160
911,2325305205_1.jpg,1142,1142
912,2325305205_2.jpg,1069,1069
913,2325337095_1.jpg,1812,1812
914,2325337095_2.jpg,1728,1728
915,2325339957_1.jpg,1834,2040
916,2325339957_2.jpg,1882,1883
917,2326107432_1.jpg,2669,2000
918,2326123678_1.jpg,1146,1146
919,2326123678_2.jpg,991,991
920,2326138430_1.jpg,1550,1561
921,2326158218_1.jpg,3140,2592
922,2326158218_2.jpg,2814,2592
923,2326182644_1.jpg,2387,2000
924,2326182644_2.jpg,2353,2000
925,2326183026_1.jpg,2000,2533
926,2326647920_1.jpg,1359,1351
927,2327074205_1.jpg,1581,1662
928,232750395_1.jpg,1038,1038
929,232758871_1.jpg,600,800
930,2329090822_1.jpg,640,480
931,2330042311_1.jpg,640,427
932,2330128715_1.jpg,1094,821
933,2330128831_1.jpg,1094,821
934,2330128905_1.jpg,821,1042
935,2330129299_1.jpg,1094,821
936,2330129413_1.jpg,1094,821
937,2330721439_1.jpg,1861,1861
938,2330954580_1.jpg,1094,821
939,2330954824_1.jpg,1094,821
940,2330955274_1.jpg,1094,821
941,2330955410_1.jpg,1063,821
942,2330955526_1.jpg,1094,821
943,2330955614_1.jpg,1094,821
944,2331075487_1.jpg,2336,3504
945,2331146163_1.jpg,3155,2592
946,2331853202_1.jpg,812,687
947,2332408096_1.jpg,685,1024
948,2333670757_1.jpg,2112,2784
949,233470867_1.jpg,4288,2848
950,2336833345_1.jpg,2259,1931
951,2339846774_1.jpg,991,992
952,233993272_1.jpg,2416,2074
953,2340693798_1.jpg,881,880
954,2340986522_1.jpg,1920,1080
955,2341783781_1.jpg,1819,1738
956,2343200154_1.jpg,2847,3031
957,2343665394_1.jpg,1465,2002
958,2344217511_1.jpg,1230,856
959,2344218773_1.jpg,947,856
960,2344219269_1.jpg,1204,856
961,2344221437_1.jpg,842,820
962,2344899163_1.jpg,2207,2048
963,2344967158_1.jpg,1049,856
964,2344972348_1.jpg,970,856
965,2344972348_2.jpg,981,856
966,2345048760_1.jpg,690,816
967,2345048760_2.jpg,870,832
968,2345049528_1.jpg,969,859
969,2346175251_1.jpg,852,778
970,2346354291_1.jpg,571,800
971,2346521154_1.jpg,1360,1678
972,2349481463_1.jpg,2840,2624
973,2349731700_1.jpg,2014,3040
974,2350619624_1.jpg,855,602
975,2350688586_1.jpg,911,1023
976,2351450794_1.jpg,4582,4096
977,2351504852_1.jpg,4773,4096
978,2351926912_1.jpg,3008,2000
979,2352254513_1.jpg,2843,2189
980,2352307187_1.jpg,2981,2592
981,2352345861_1.jpg,3888,2592
982,2352531093_1.jpg,2678,1925
983,2352534555_1.jpg,2636,2048
984,2354287692_1.jpg,766,797
985,2355375119_1.jpg,3415,2592
986,235551382_1.jpg,639,480
987,2355774121_1.jpg,1391,1391
988,2355774121_2.jpg,1001,1000
989,2356460241_1.jpg,1070,853
990,2358119745_1.jpg,845,683
991,2358209574_1.jpg,2484,2436
992,2359007872_1.jpg,1022,1024
993,2359612328_1.jpg,3888,2592
994,2360524256_1.jpg,966,966
995,2361275920_1.jpg,775,961
996,2362828916_1.jpg,3858,2592
997,2364435605_1.jpg,2592,3872

999,2365877276_1.jpg,480,640
1000,2366695522_1.jpg,910,1371
1001,236817064_1.jpg,1024,681
1002,236942402_1.jpg,774,1000
1003,2370158801_1.jpg,1265,1266
1004,2370995384_1.jpg,1267,1200
1005,2371615952_1.jpg,4661,4917
1006,237212549_1.jpg,709,800
1007,2373667324_1.jpg,1047,1254
1008,23739492_1.jpg,2030,1656
1009,23739520_1.jpg,2216,1668
1010,2375918801_1.jpg,640,536
1011,237609288_1.jpg,850,640
1012,237609290_1.jpg,850,638
1013,2376315231_1.jpg,1024,767
1014,2376488496_1.jpg,667,1000
1015,2377409057_1.jpg,2585,1914
1016,2378246248_1.jpg,2682,1956
1017,2379148673_1.jpg,728,946
1018,238277879_1.jpg,851,1280
1019,2382895882_1.jpg,3112,2317
1020,2383880067_1.jpg,952,768
1021,2384712054_1.jpg,968,768
1022,2385322025_1.jpg,2400,1600
1023,2385498145_1.jpg,1365,1365
1024,2385650791_1.jpg,1200,1248
1025,2385787457_1.jpg,2703,1989
1026,2385787737_1.jpg,2963,1889
1027,2385871165_1.jpg,732,677
1028,2385951266_1.jpg,2048,1578
1029,2386587221_1.jpg,523,721
1030,2386611784_1.jpg,1494,1259
1031,2386704064_1.jpg,981,677
1032,2386722927_1.jpg,2667,2000
1033,2386722927_2.jpg,1036,842
1034,2388603859_1.jpg,1557,1558
1035,2389197606_5.jpg,960,960
1036,2389313905_1.jpg,1197,797
1037,2389790920_1.jpg,500,750
1038,2390659302_1.jpg,2048,3542
1039,2392191492_1.jpg,2912,2912
1040,2393479404_1.jpg,948,878
1041,2393607229_1.jpg,997,997
1042,2394089614_1.jpg,427,640
1043,2394310531_1.jpg,1703,1748
1044,2396310433_1.jpg,427,640
1045,2397008230_1.jpg,640,427
1046,2397575379_1.jpg,2376,2000
1047,2397581549_1.jpg,2994,2000
1048,2397586201_2.jpg,1516,1517
1049,2397587931_1.jpg,1837,1765
1050,2397597303_1.jpg,2814,2000
1051,2397601939_1.jpg,1748,1748
1052,2397869868_1.jpg,2008,3008
1053,2397887915_1.jpg,1620,1620
1054,2397891505_1.jpg,1147,1044
1055,2397891757_1.jpg,1801,1671
1056,2397893035_1.jpg,1786,1762
1057,2397897525_1.jpg,1547,1422
1058,2397898535_1.jpg,1816,1897
1059,2397899047_1.jpg,2336,3483
1060,2398411262_1.jpg,2741,2000
1061,2398422506_1.jpg,1422,1332
1062,2398422506_3.jpg,1080,1080
1063,2398426982_1.jpg,3008,2000
1064,2398431338_1.jpg,1739,1739
1065,2398691129_1.jpg,2977,2000
1066,2398716782_1.jpg,1775,1776
1067,2398718412_1.jpg,1327,1326
1068,2398723600_1.jpg,2336,2700
1069,2398724096_1.jpg,1385,1242
1070,2398724424_1.jpg,1321,1320
1071,2398724830_1.jpg,1852,2035
1072,2398725148_1.jpg,3292,2336
1073,2398726534_1.jpg,2928,2336
1074,240001815_1.jpg,640,426
1075,2400986257_1.jpg,833,1174
1076,2401359779_1.jpg,1911,2048
1077,2401967202_1.jpg,1000,1000
1078,2402052185_1.jpg,1022,996
1079,2402052185_2.jpg,1053,1053
1080,2402052185_3.jpg,1054,1054
1081,2402251921_1.jpg,1600,1071
1082,2402745714_1.jpg,1137,1173
1083,240281904_1.jpg,1178,1731
1084,240281904_2.jpg,1353,1353
1085,240281904_3.jpg,1202,1202
1086,2404966827_1.jpg,2802,2048
1087,2404969301_1.jpg,3072,2048
1088,2405521888_2.jpg,1807,2112
1089,2405798840_1.jpg,3072,2048
1090,2405801774_1.jpg,3072,2048
1091,2406130609_1.jpg,1417,2126
1092,2406435030_1.jpg,683,1024
1093,2407195618_1.jpg,2573,3873
1094,2407746151_1.jpg,2071,2006
1095,2407762189_1.jpg,681,862
1096,2407771006_1.jpg,640,427
1097,2408549321_1.jpg,2033,2033
1098,2408599550_1.jpg,1017,681
1099,2408609508_1.jpg,681,900
1100,2409386512_1.jpg,1457,1456
1101,2410521422_1.jpg,1731,1603
1102,2410522334_1.jpg,2518,1944
1103,2411561802_1.jpg,3319,2592
1104,2411620252_1.jpg,1571,1296
1105,2414075021_1.jpg,1542,1542
1106,2414792473_1.jpg,2592,3888
1107,2415425614_1.jpg,1000,750
1108,241618266_1.jpg,1024,768
1109,2416254762_1.jpg,970,768
1110,2416614295_1.jpg,685,1024
1111,2417379685_1.jpg,951,1147
1112,2418314368_1.jpg,1764,1500
1113,2419189561_1.jpg,456,640
1114,2419679570_1.jpg,900,1200
1115,2420389746_1.jpg,1057,1180
1116,2420857139_1.jpg,600,799
1117,2421145346_1.jpg,3803,3803
1118,2421887901_1.jpg,1443,1444
1119,2422195369_1.jpg,2207,2557
1120,2423457662_1.jpg,1266,1068
1121,2423457666_1.jpg,1352,1600
1122,2425505427_1.jpg,1380,1665
1123,2425505427_2.jpg,842,841
1124,2425803315_1.jpg,1230,1230
1125,2426066819_1.jpg,1146,925
1126,2426066823_1.jpg,797,888
1127,2426631349_1.jpg,427,640
1128,2426747542_1.jpg,873,764
1129,2428008911_1.jpg,1200,1346
1130,2428008923_1.jpg,1200,1390
1131,2430537397_1.jpg,706,546
1132,2430537549_1.jpg,546,706
1133,2430664591_1.jpg,2376,3168
1134,2431003802_1.jpg,2549,2582
1135,243100792_1.jpg,768,1024
1136,243214217_1.jpg,1986,1944
1137,2432280344_1.jpg,1288,1307
1138,243232372_1.jpg,865,652
1139,243232376_1.jpg,865,652
1140,2432515626_1.jpg,866,647
1141,2432854845_1.jpg,2111,2447
1142,2433671054_1.jpg,2354,2430
1143,2434739044_1.jpg,566,647
1144,2436151978_1.jpg,902,903
1145,2436151978_3.jpg,1048,1048
1146,2436720309_1.jpg,3810,2898
1147,2437352849_1.jpg,2985,2522
1148,2437510272_1.jpg,1200,1313
1149,2437565214_1.jpg,2982,2400
1150,243759437_1.jpg,1024,768
1151,243761838_1.jpg,1024,681
1152,2437904540_1.jpg,1011,1012
1153,2439679146_1.jpg,2144,2144
1154,2439889861_1.jpg,897,897
1155,2439910346_1.jpg,714,683
1156,2441411300_1.jpg,2592,2867
1157,2441861132_1.jpg,800,800
1158,2442107375_1.jpg,684,933
1159,2442576256_1.jpg,1200,1600
1160,2442731862_1.jpg,1643,1232
1161,2442933686_1.jpg,1024,684
1162,2446262151_1.jpg,835,995
1163,2446496284_2.jpg,1456,1456
1164,2447154353_1.jpg,1024,683
1165,2447772018_1.jpg,848,848
1166,2447989452_1.jpg,799,683
1167,2448291599_1.jpg,2244,2000
1168,2449151024_1.jpg,2606,2168
1169,2449151024_2.jpg,2709,2592
1170,2449179046_1.jpg,2011,2420
1171,2449594436_1.jpg,1166,1166
1172,2449764454_1.jpg,909,678
1173,2450984791_1.jpg,1273,1071
1174,2453927669_1.jpg,1414,942
1175,2454607429_1.jpg,2592,3273
1176,245801293_1.jpg,1224,1632
1177,2458204984_1.jpg,761,683
1178,245871800_1.jpg,640,426
1179,245873250_1.jpg,640,426
1180,2461725904_1.jpg,683,935
1181,2465033947_1.jpg,1790,1562
1182,2465123535_1.jpg,3872,2592
1183,2466353526_1.jpg,2578,2578
1184,2466415593_1.jpg,1512,1066
1185,2466594504_1.jpg,896,802
1186,2469551410_1.jpg,1024,682
1187,2472784229_1.jpg,3072,2048
1188,24729177_1.jpg,533,800
1189,2473945935_1.jpg,685,938
1190,2474157761_1.jpg,2304,2060
1191,2476555449_1.jpg,1322,1323
1192,2477515529_1.jpg,2239,1580
1193,2477515529_3.jpg,1936,1936
1194,2477598941_1.jpg,840,683
1195,2477698161_1.jpg,1050,1288
1196,2477958141_1.jpg,1174,1166
1197,2477958141_2.jpg,1403,1284
1198,2478571096_1.jpg,939,1035
1199,2480602910_1.jpg,3356,2475
1200,248228146_1.jpg,486,640
1201,248255433_1.jpg,700,825
1202,2483534214_1.jpg,1062,1062
1203,2483653127_1.jpg,1955,1955
1204,2484089292_1.jpg,2448,3264
1205,2484463018_1.jpg,2604,2236
1206,2485495082_1.jpg,2518,2162
1207,248684423_1.jpg,1137,1522
1208,2487307260_1.jpg,1920,1919
1209,2488100923_1.jpg,3888,2592
1210,2488505181_1.jpg,1625,1300
1211,2489085841_1.jpg,1024,687
1212,2489465975_1.jpg,960,1280
1213,2490334278_1.jpg,2602,3515
1214,2491145700_1.jpg,1600,1200
1215,2492944654_1.jpg,2275,1782
1216,2493621535_1.jpg,2014,3040
1217,2495649904_1.jpg,427,640
1218,2495650350_1.jpg,427,640
1219,2496151369_1.jpg,1330,2000
1220,2496845639_1.jpg,1530,1699
1221,2496847811_1.jpg,1830,1880
1222,2497150361_1.jpg,1354,1200
1223,2497670922_1.jpg,2000,2165
1224,2497794830_1.jpg,995,842
1225,2497976014_1.jpg,1220,1047
1226,2497978188_1.jpg,1220,980
1227,249852286_1.jpg,1372,1456
1228,249852286_2.jpg,1169,1344
1229,2498590482_1.jpg,1720,1309
1230,249871116_1.jpg,1555,1747
1231,2500088309_1.jpg,1450,1585
1232,2500088309_2.jpg,1364,1534
1233,2500920192_1.jpg,899,900
1234,2500920400_1.jpg,1178,1080
1235,2501339174_1.jpg,2382,3216
1236,2501616966_1.jpg,681,1024
1237,250246725_1.jpg,1360,1745
1238,2502797758_1.jpg,640,670
1239,2502913945_1.jpg,2191,1998
1240,250351361_1.jpg,414,640
1241,2504948725_1.jpg,1199,1198
1242,2504948725_2.jpg,1453,1453
1243,2505523580_1.jpg,1563,1488
1244,2506448164_1.jpg,3888,2592
1245,2507367343_1.jpg,1200,1294
1246,2507543274_1.jpg,724,730
1247,2508658578_1.jpg,2203,3080
1248,2510357809_1.jpg,1280,853
1249,2511563395_1.jpg,770,1020
1250,2511905092_1.jpg,1228,1596
1251,2512750679_1.jpg,1029,857
1252,2513178752_1.jpg,1819,1989
1253,2514104824_1.jpg,764,1024
1254,2514843771_1.jpg,684,1024
1255,2514843829_1.jpg,684,1024
1256,251544505_1.jpg,790,768
1257,2515668654_1.jpg,1024,684
1258,2515748640_1.jpg,1575,1576
1259,2516299615_1.jpg,1357,1520
1260,2516806579_1.jpg,1157,1050
1261,2519183112_1.jpg,1688,1754
1262,2520325864_1.jpg,2305,2305
1263,2521596793_1.jpg,1076,1024
1264,2524358270_1.jpg,2304,3285
1265,2524386803_1.jpg,2912,4368
1266,2525080073_1.jpg,1401,1401
1267,2525221598_1.jpg,2567,2568
1268,2525904180_1.jpg,1119,1036
1269,2525905984_1.jpg,933,933
1270,2527422664_1.jpg,3724,2592
1271,2527922253_1.jpg,557,810
1272,2528600614_1.jpg,2392,2000
1273,2528689679_1.jpg,900,1200
1274,2529411571_1.jpg,2305,2702
1275,2529462320_1.jpg,685,1024
1276,2529559836_1.jpg,1435,1435
1277,2529559836_2.jpg,1032,1196
1278,252976245_1.jpg,1024,768
1279,2530498353_1.jpg,981,768
1280,2530880920_1.jpg,1536,1779
1281,2530880990_1.jpg,1407,1701
1282,2532979343_1.jpg,1592,1235
1283,2532979343_2.jpg,1229,1229
1284,2533221503_1.jpg,2925,2178
1285,2533685677_1.jpg,1009,928
1286,2533685677_2.jpg,835,864
1287,2533795622_1.jpg,1425,1304
1288,2533799522_1.jpg,1195,1086
1289,2533799522_2.jpg,1026,1027
1290,2533908657_2.jpg,1771,1981
1291,2533918233_1.jpg,2674,2112
1292,2534288728_1.jpg,1425,1200
1293,2534731068_1.jpg,2301,2061
1294,2534731068_2.jpg,1579,1964
1295,2534934254_1.jpg,1600,1200
1296,2535719318_1.jpg,1484,1428
1297,2535719318_2.jpg,1345,1345
1298,2535719318_3.jpg,1453,1453
1299,2536015089_1.jpg,1858,1858
1300,2536015971_1.jpg,2151,2150
1301,2536681755_1.jpg,2378,2378
1302,2536681755_2.jpg,2068,2115
1303,2536832392_1.jpg,3116,3979
1304,2537969929_1.jpg,2592,3888
1305,2537972279_1.jpg,2592,3888
1306,2538548404_1.jpg,985,685
1307,2538980825_1.jpg,888,888
1308,2540009576_1.jpg,2400,2881
1309,254040505_1.jpg,960,768
1310,2540799498_1.jpg,1536,2253
1311,2540954257_1.jpg,1200,797
1312,2541112439_1.jpg,1944,2074
1313,2541112439_2.jpg,1720,1861
1314,2541125327_1.jpg,1762,1762
1315,2541637575_1.jpg,917,718
1316,2542834954_1.jpg,2010,2663
1317,2544305981_1.jpg,2592,3405
1318,2544306273_1.jpg,1957,1627
1319,2544738096_1.jpg,605,907
1320,2544906205_1.jpg,1263,1263
1321,2545119553_1.jpg,683,817
1322,2545132994_1.jpg,2280,2279
1323,2546411220_1.jpg,1942,2805
1324,2546515404_1.jpg,1245,1279
1325,2547027076_1.jpg,911,870
1326,2547601276_1.jpg,1915,2005
1327,2547802012_1.jpg,1294,1218
1328,2547808775_1.jpg,797,648
1329,2547890471_1.jpg,1024,681
1330,2548364697_1.jpg,700,998
1331,2548725859_1.jpg,2247,2266
1332,2548725859_2.jpg,2208,2130
1333,2548725859_3.jpg,1926,2012
1334,2548811959_1.jpg,1000,768
1335,2550281081_1.jpg,1364,1906
1336,2550744227_1.jpg,2196,2196
1337,2550746669_1.jpg,1618,1617
1338,2551002855_1.jpg,936,1091
1339,2551040213_1.jpg,2378,2379
1340,2551040609_1.jpg,1951,1951
1341,2551070375_1.jpg,2441,2441
1342,2551561993_1.jpg,427,640
1343,2551878386_1.jpg,832,1200
1344,2552816820_2.jpg,896,896
1345,2552817767_1.jpg,1521,1521
1346,2553304295_1.jpg,1215,1053
1347,2553304823_1.jpg,1224,1015
1348,2553304823_2.jpg,1100,1100
1349,2553305023_1.jpg,1585,1365
1350,2553305603_1.jpg,3161,2336
1351,2553305829_1.jpg,2224,2224
1352,2553356442_1.jpg,3888,2592
1353,2553716827_1.jpg,640,446
1354,2553964820_1.jpg,685,1024
1355,2554127648_1.jpg,1003,1003
1356,2554129050_1.jpg,1507,1365
1357,2554717801_1.jpg,426,626
1358,2554718441_1.jpg,426,640
1359,2554996128_1.jpg,1325,1378
1360,2558572603_1.jpg,607,640
1361,2559502581_1.jpg,853,1058
1362,2559937512_1.jpg,722,664
1363,2560341685_1.jpg,1365,1360
1364,2562123281_1.jpg,1115,1116
1365,2563042318_1.jpg,2706,2046
1366,2563604089_1.jpg,1024,679
1367,2564651638_1.jpg,897,897
1368,2567215951_1.jpg,640,480
1369,2567246289_1.jpg,1024,768
1370,2567897317_1.jpg,427,640
1371,2568977268_1.jpg,1515,1515
1372,2569659822_1.jpg,1024,861
1373,2570109022_1.jpg,1024,683
1374,2570281375_1.jpg,650,975
1375,2570952491_1.jpg,2592,3888
1376,2570956615_1.jpg,2592,3888
1377,2570966789_1.jpg,1120,1492
1378,2570967609_1.jpg,1306,1826
1379,2570977081_1.jpg,1327,1237
1380,2571808206_1.jpg,1794,1568
1381,2571812886_1.jpg,2592,3888
1382,2572176925_1.jpg,3699,3699
1383,2579350496_1.jpg,681,1024
1384,2579685145_1.jpg,2286,2069
1385,2580555849_1.jpg,1093,1093
1386,2583400257_1.jpg,1024,768
1387,2583560347_1.jpg,930,879
1388,2583756661_1.jpg,1412,1412
1389,2584222434_1.jpg,1024,768
1390,2584224650_1.jpg,997,768
1391,2584226946_1.jpg,1024,768
1392,2584389682_1.jpg,1046,971
1393,2584392198_1.jpg,808,808
1394,2584536815_1.jpg,640,514
1395,2587184713_1.jpg,2286,1541
1396,2588017894_1.jpg,1219,1220
1397,258914311_1.jpg,684,1024
1398,2589513472_1.jpg,863,1200
1399,2589809231_1.jpg,890,681
1400,2590097927_1.jpg,2103,1915
1401,2591957537_1.jpg,1365,2048
1402,2592795354_1.jpg,931,893
1403,2592795716_1.jpg,1084,1046
1404,2593505397_1.jpg,1502,1654
1405,2593999937_1.jpg,1000,689
1406,2594343912_1.jpg,1589,1813
1407,2595390660_1.jpg,948,1327
1408,2595390660_2.jpg,1356,1356
1409,2595390660_3.jpg,1349,1350
1410,2595847708_1.jpg,637,1024
1411,2597444784_1.jpg,797,992
1412,2598283337_1.jpg,1024,768
1413,2598926500_1.jpg,2296,2384
1414,2598926500_2.jpg,2314,2448
1415,2599011432_1.jpg,748,674
1416,2599260456_1.jpg,837,640
1417,2600292591_2.jpg,981,981
1418,260290844_1.jpg,2560,1920
1419,260290849_1.jpg,2560,1920
1420,26041966_1.jpg,1455,1380
1421,26041966_2.jpg,1551,1420
1422,2606355351_1.jpg,1109,1548
1423,2607971564_1.jpg,1501,1067
1424,2609109576_1.jpg,569,850
1425,2609134545_1.jpg,569,841
1426,2609766139_1.jpg,683,1024
1427,2610986753_1.jpg,569,850
1428,2612796933_1.jpg,768,1024
1429,2613987958_1.jpg,1530,1674
1430,2614190089_1.jpg,1024,768
1431,2614715469_1.jpg,1817,1800
1432,2615660715_1.jpg,1024,766
1433,2615918865_1.jpg,2986,2304
1434,261646976_1.jpg,1197,1459
1435,2616752441_1.jpg,1301,1616
1436,2617421168_1.jpg,1312,1313
1437,2618115520_1.jpg,1178,1099
1438,2618147986_1.jpg,866,866
1439,2619325600_1.jpg,797,1200
1440,2620035751_1.jpg,986,1034
1441,2620035751_2.jpg,1121,1122
1442,2620035751_3.jpg,1090,909
1443,2620035751_4.jpg,980,1039
1444,2620035751_5.jpg,1087,1087
1445,2620035751_6.jpg,1112,1112
1446,2620035751_7.jpg,1117,1117
1447,2620035751_8.jpg,928,928
1448,2620035751_9.jpg,1081,1081
1449,2620748776_1.jpg,1200,797
1450,2622481517_1.jpg,974,797
1451,2622481517_2.jpg,849,797
1452,2622481519_1.jpg,797,856
1453,2622481529_1.jpg,822,771
1454,2622481529_2.jpg,830,771
1455,2623755106_1.jpg,979,979
1456,2624015355_1.jpg,683,845
1457,2624814777_1.jpg,2048,1615
1458,2625290035_1.jpg,2902,1711
1459,262545392_1.jpg,1110,1110
1460,262545511_1.jpg,1143,1143
1461,2626551854_1.jpg,2592,3888
1462,2628518257_1.jpg,611,922
1463,2628518621_1.jpg,578,838
1464,2632393389_1.jpg,1767,2356
1465,2634041063_1.jpg,2912,4368
1466,2634864392_1.jpg,2912,4368
1467,2634865648_1.jpg,2912,4276
1468,2634866872_1.jpg,4330,2912
1469,2635473457_1.jpg,2014,2536
1470,2635506982_1.jpg,1439,1306
1471,263567973_1.jpg,2332,3153
1472,2637014787_1.jpg,1545,1545
1473,2637859146_1.jpg,1853,1853
1474,2638234993_1.jpg,3264,2448
1475,2639853121_1.jpg,1529,1529
1476,2642751678_1.jpg,768,984
1477,2642886952_1.jpg,1492,1492
1478,2643349347_1.jpg,1024,768
1479,2643601988_1.jpg,1358,1252
1480,2643601988_2.jpg,1142,1230
1481,2645235152_1.jpg,732,973
1482,2646055201_1.jpg,1018,975
1483,2649826959_1.jpg,851,683
1484,2650258108_1.jpg,1024,1024
1485,2651816235_1.jpg,3472,2592
1486,2651829477_1.jpg,1098,1098
1487,2651953293_1.jpg,2071,1764
1488,265195892_1.jpg,1280,960
1489,265196793_1.jpg,1280,960
1490,2651968449_1.jpg,2339,2389
1491,2651987281_1.jpg,1939,1939
1492,2652089249_1.jpg,2352,2446
1493,2652699508_1.jpg,2456,2086
1494,2652716534_1.jpg,1105,1068
1495,2652744317_1.jpg,1748,1727
1496,2652792032_1.jpg,2373,2264
1497,2652853158_1.jpg,1545,1514
1498,2652858910_1.jpg,1866,1946
1499,2652885718_1.jpg,2106,2086
1500,2652890824_1.jpg,3710,2592
1501,2652906728_1.jpg,2592,2610
1502,2654219004_1.jpg,2450,3551
1503,2655076570_1.jpg,1910,1294
1504,2655475577_1.jpg,480,640
1505,2656257353_1.jpg,685,1024
1506,2658283615_1.jpg,554,864
1507,2658289771_1.jpg,864,554
1508,2658697087_1.jpg,1280,850
1509,2658788209_1.jpg,2665,2136
1510,2658969370_1.jpg,930,929
1511,2659115078_1.jpg,611,812
1512,2659264056_1.jpg,576,768
1513,266036271_1.jpg,500,358
1514,26605529_1.jpg,520,640
1515,2662367038_1.jpg,1112,1112
1516,2662819619_1.jpg,640,429
1517,2663129694_1.jpg,1138,797
1518,26638112_1.jpg,1383,2048
1519,2663848100_1.jpg,1455,1558
1520,2663851370_1.jpg,1278,1278
1521,2664560956_1.jpg,972,681
1522,2664748719_1.jpg,1024,768
1523,2665438753_1.jpg,991,991
1524,2665714499_1.jpg,858,683
1525,2665780466_1.jpg,1729,1379
1526,2665784919_1.jpg,683,1024
1527,2665879761_1.jpg,683,1024
1528,2666384408_1.jpg,874,683
1529,2666396914_1.jpg,1024,683
1530,2667636661_1.jpg,1439,1482
1531,2667636661_2.jpg,1196,1084
1532,2667636661_3.jpg,1097,886
1533,2667636661_4.jpg,1249,1223
1534,2670182321_1.jpg,856,1280
1535,2671732783_1.jpg,640,480
1536,2677149532_1.jpg,800,536
1537,2678543215_1.jpg,3072,2304
1538,2678954209_1.jpg,1844,2012
1539,2680057771_1.jpg,2413,2400
1540,2682198868_1.jpg,3481,2510
1541,268284860_1.jpg,1980,1980
1542,2683325027_1.jpg,2000,1330
1543,2685003351_1.jpg,2887,2048
1544,2685751196_1.jpg,3072,2048
1545,2685853470_1.jpg,2547,2048
1546,268625316_1.jpg,683,854
1547,268628556_1.jpg,683,1024
1548,2687936736_1.jpg,1529,1529
1549,2688246368_1.jpg,1772,2048
1550,2688545621_1.jpg,1000,750
1551,2689212210_1.jpg,2800,1866
1552,2689266554_1.jpg,670,788
1553,2689575221_1.jpg,864,554
1554,2690491397_1.jpg,1125,1566
1555,2691986791_1.jpg,3072,2048
1556,2692234417_1.jpg,2028,1365
1557,2692799934_1.jpg,3072,2048
1558,26931199_1.jpg,1007,1171
1559,2697871888_1.jpg,903,941
1560,2698579516_1.jpg,2278,2848
1561,2699025198_1.jpg,1390,1390
1562,2699407428_1.jpg,2000,2087
1563,2699413804_1.jpg,982,982
1564,2699413804_2.jpg,981,1209
1565,2699422785_1.jpg,1024,684
1566,269968666_1.jpg,828,602
1567,2700238522_1.jpg,1024,684
1568,2700468932_1.jpg,1516,1516
1569,2702096048_1.jpg,428,640
1570,2702543812_1.jpg,1262,1262
1571,2702590642_1.jpg,1916,1352
1572,2702798273_1.jpg,1504,1000
1573,2702954419_1.jpg,1817,2726
1574,2705102720_1.jpg,1280,853
1575,2705557901_1.jpg,2161,2093
1576,2706372454_1.jpg,1997,1997
1577,2706382376_1.jpg,1363,1363
1578,2706940948_1.jpg,1569,1208
1579,2706973001_1.jpg,2174,2574
1580,2707641297_1.jpg,2678,2048
1581,2707642369_1.jpg,2707,2048
1582,2707642783_1.jpg,2676,2028
1583,2707644111_1.jpg,3072,2048
1584,2707644515_1.jpg,3072,2048
1585,2708459570_1.jpg,2658,2048
1586,2708460596_1.jpg,3072,2048
1587,2708694408_1.jpg,1509,1365
1588,2708694408_2.jpg,1119,1118
1589,2708694408_3.jpg,1108,1108
1590,2710033361_1.jpg,1924,2340
1591,2710860682_1.jpg,2592,3262
1592,2711278583_1.jpg,2842,1944
1593,2711926644_1.jpg,1591,1370
1594,271207560_1.jpg,1227,1227
1595,271207626_1.jpg,1079,994
1596,271207685_1.jpg,1162,1364
1597,271207741_1.jpg,1136,1075
1598,271580597_1.jpg,1559,1630
1599,2716434131_1.jpg,1027,1026
1600,2716694520_1.jpg,683,746
1601,2717658327_1.jpg,900,682
1602,2719309278_1.jpg,1908,1863
1603,2719463843_1.jpg,2883,2048
1604,2719464221_1.jpg,2828,1885
1605,2719464361_1.jpg,3072,2048
1606,2719467991_1.jpg,2690,2048
1607,2719469475_1.jpg,2969,1980
1608,2719469639_1.jpg,3072,2048
1609,2719469801_1.jpg,3072,2048
1610,2719470487_1.jpg,3069,2048
1611,2719472207_1.jpg,3072,2048
1612,2719473317_1.jpg,3072,2048
1613,2719473671_1.jpg,2613,2048
1614,2719524583_1.jpg,2225,1981
1615,2720293102_1.jpg,3072,2048
1616,2720295826_1.jpg,2542,2048
1617,2720296828_1.jpg,3010,2048
1618,2720297592_1.jpg,3072,2048
1619,2720792426_1.jpg,800,800
1620,2721024227_1.jpg,2024,1312
1621,2721311052_1.jpg,718,772
1622,2721527391_1.jpg,2000,3008
1623,2721866884_1.jpg,1024,1227
1624,2722611373_1.jpg,2307,2304
1625,2722618747_1.jpg,2427,2304
1626,2722625419_1.jpg,2006,2289
1627,2722833286_1.jpg,1977,2046
1628,2723446042_1.jpg,2188,2304
1629,2724831350_1.jpg,2671,2592
1630,2726369211_1.jpg,1284,1284
1631,2726369211_2.jpg,1216,1217
1632,2726913373_1.jpg,739,1023
1633,2727051707_1.jpg,1044,1044
1634,272728945_1.jpg,1088,1077
1635,2728400620_1.jpg,1024,836
1636,2733601788_1.jpg,732,710
1637,2734168604_1.jpg,1365,2048
1638,273476938_1.jpg,1209,928
1639,2735836218_1.jpg,1230,1303
1640,2737646637_1.jpg,2506,1805
1641,2738187790_1.jpg,1168,1746
1642,2738554611_1.jpg,2316,2502
1643,2738554611_2.jpg,2250,2488
1644,2738625961_1.jpg,960,960
1645,2739463536_1.jpg,960,960
1646,2739463852_1.jpg,639,898
1647,2740677001_1.jpg,2145,2054
1648,27409477_1.jpg,905,681
1649,2741097423_1.jpg,1500,1500
1650,2741148975_1.jpg,1600,2032
1651,2741246020_1.jpg,1452,1452
1652,2741469993_1.jpg,3072,2048
1653,2741472043_1.jpg,2464,2048
1654,2741633807_1.jpg,1024,681
1655,2743458765_1.jpg,1173,1092
1656,2743945084_1.jpg,975,685
1657,2744427984_1.jpg,1663,1663
1658,2748125978_1.jpg,2592,3629
1659,2748918408_1.jpg,2000,3008
1660,2749039135_1.jpg,2130,2130
1661,274928922_1.jpg,1931,1713
1662,274928922_2.jpg,1884,1705
1663,2750423663_1.jpg,2592,3629
1664,275252906_1.jpg,1667,1842
1665,275326542_1.jpg,2250,1500
1666,2753825731_1.jpg,1919,1919
1667,2755672817_1.jpg,954,954
1668,2755672817_2.jpg,979,979
1669,2756003523_1.jpg,1351,1361
1670,2756841760_1.jpg,1290,1289
1671,2756860536_1.jpg,1285,1286
1672,2757480328_1.jpg,1956,1956
1673,2758865686_1.jpg,2390,2390
1674,2759169934_1.jpg,685,917
1675,2759204795_1.jpg,1459,1790
1676,2761037247_1.jpg,835,720
1677,2761106136_1.jpg,2592,3872
1678,2762499751_1.jpg,640,512
1679,2763403659_1.jpg,1672,1672
1680,2765583247_1.jpg,922,611
1681,2766429378_1.jpg,554,864
1682,2767060777_1.jpg,1932,2169
1683,2767428524_1.jpg,1876,1551
1684,276753589_1.jpg,2043,2068
1685,276823387_1.jpg,1138,1138
1686,2772487898_1.jpg,1199,1132
1687,2772764524_1.jpg,662,1024
1688,277485584_1.jpg,1556,1962
1689,2776862669_1.jpg,2852,3953
1690,2777541034_1.jpg,3888,2592
1691,277942089_1.jpg,1200,1600
1692,277967015_1.jpg,640,512
1693,2780104878_1.jpg,601,800
1694,2781323593_1.jpg,2570,2529
1695,2781570272_1.jpg,1763,1763
1696,2781888246_1.jpg,1462,1462
1697,2782094272_1.jpg,1943,1851
1698,2782810504_1.jpg,800,760
1699,2783115454_1.jpg,1348,1000
1700,2783667002_1.jpg,2800,1866
1701,2784698988_1.jpg,963,1280
1702,2787024761_1.jpg,1328,1301
1703,278735612_1.jpg,894,893
1704,278735612_2.jpg,973,974
1705,2788276334_1.jpg,916,917
1706,2788857428_1.jpg,852,611
1707,2790641531_1.jpg,1217,1216
1708,2790641531_2.jpg,1074,1008
1709,2790641531_3.jpg,1216,1181
1710,279233131_1.jpg,800,800
1711,2794843471_1.jpg,914,1080
1712,2794931589_1.jpg,1200,1555
1713,279534306_1.jpg,2000,3008
1714,2799715245_1.jpg,865,865
1715,2799926533_1.jpg,768,1020
1716,280005127_1.jpg,1663,1852
1717,280005282_1.jpg,1664,1689
1718,280005501_1.jpg,1659,1592
1719,2801477372_1.jpg,1504,1000
1720,2801512821_1.jpg,2000,1904
1721,2803552761_1.jpg,2048,1365
1722,280469750_1.jpg,2424,2000
1723,280469983_1.jpg,2903,2000
1724,280470249_1.jpg,3008,2000
1725,280470418_1.jpg,2224,2000
1726,2805324803_1.jpg,2787,2048
1727,2805325465_1.jpg,3021,2048
1728,2805684771_1.jpg,800,1117
1729,2806176050_1.jpg,3072,2048
1730,2806176202_1.jpg,3072,2048
1731,2806176632_1.jpg,3072,2048
1732,2806896395_1.jpg,2789,3968
1733,2807842663_1.jpg,2317,2256
1734,2807859203_1.jpg,1674,1650
1735,2807861653_1.jpg,1508,1442
1736,2807886461_1.jpg,3234,2336
1737,2808715486_1.jpg,2336,3200
1738,2808726134_1.jpg,2793,3078
1739,2809056479_1.jpg,1110,856
1740,2809588534_1.jpg,2591,2942
1741,2810599755_1.jpg,2040,3061
1742,2810719929_1.jpg,2249,1602
1743,2810940241_1.jpg,640,797
1744,2813805354_1.jpg,685,748
1745,2813933393_1.jpg,800,535
1746,2815337739_1.jpg,762,1024
1747,2815405614_1.jpg,685,993
1748,2815981843_1.jpg,1783,1918
1749,2815981843_2.jpg,1857,1981
1750,2816017219_1.jpg,2668,2333
1751,2816846040_1.jpg,2574,2592
1752,2816884634_1.jpg,1454,1451
1753,2816911718_1.jpg,1925,1561
1754,2817580682_1.jpg,2614,2856
1755,2818507235_1.jpg,3488,2616
1756,2821337875_1.jpg,1024,763
1757,2822983493_1.jpg,1100,1099
1758,2822983493_2.jpg,966,966
1759,2822983493_3.jpg,922,922
1760,2823021392_1.jpg,2671,2421
1761,2823022939_1.jpg,1532,1532
1762,2824129532_1.jpg,2420,2448
1763,2826061016_1.jpg,2545,2112
1764,2826219311_1.jpg,2542,2922
1765,2826239873_1.jpg,2320,2548
1766,2826630295_1.jpg,983,984
1767,2826630965_1.jpg,904,862
1768,2826953443_1.jpg,3504,2336
1769,2828057266_1.jpg,2257,1988
1770,2828699255_1.jpg,2048,1364
1771,2830068322_1.jpg,1305,1697
1772,2830081484_1.jpg,2160,2729
1773,2830279146_1.jpg,1754,1365
1774,2831214703_1.jpg,1308,1226
1775,2831234659_1.jpg,1543,1543
1776,2831234659_2.jpg,1587,1587
1777,2831964442_1.jpg,695,1024
1778,2832087247_1.jpg,1660,1660
1779,2832087247_2.jpg,1331,1332
1780,2832573490_1.jpg,1612,1907
1781,2833382427_1.jpg,1621,1500
1782,2833753426_1.jpg,946,946
1783,2833753426_2.jpg,950,950
1784,2834344907_1.jpg,2276,1944
1785,2836527486_1.jpg,685,754
1786,2837076619_1.jpg,3759,2848
1787,2837874919_1.jpg,685,840
1788,2837939503_1.jpg,865,860
1789,2837948229_1.jpg,948,1168
1790,2838782176_1.jpg,993,1074
1791,2838782582_1.jpg,598,895
1792,283895953_1.jpg,768,1024
1793,2839127417_1.jpg,952,931
1794,2839174741_1.jpg,861,849
1795,2840009780_1.jpg,839,856
1796,2842060169_1.jpg,683,1024
1797,2842543891_1.jpg,1172,1099
1798,2842853546_1.jpg,1045,877
1799,2843934111_1.jpg,3037,2592
1800,284499652_1.jpg,2000,2741
1801,2847910753_1.jpg,1200,797
1802,2848544488_1.jpg,1071,1345
1803,2848964141_1.jpg,775,826
1804,2849785904_1.jpg,862,682
1805,2849854366_1.jpg,639,1024
1806,2850227095_1.jpg,2988,2048
1807,2850228639_1.jpg,3040,2048
1808,2850359046_1.jpg,794,1024
1809,2851029498_1.jpg,3072,2048
1810,2851040724_1.jpg,3016,2048
1811,2851042664_1.jpg,3072,2048
1812,2851045896_1.jpg,2766,2048
1813,2851148894_1.jpg,1305,1174
1814,2852014535_1.jpg,532,690
1815,2853173185_1.jpg,982,797
1816,2853185850_1.jpg,1016,1016
1817,2853873126_1.jpg,836,847
1818,2854289847_1.jpg,2369,3440
1819,2857823310_1.jpg,1261,1261
1820,2857823310_2.jpg,1330,1329
1821,2858826857_1.jpg,3072,2048
1822,2858827135_1.jpg,3029,2048
1823,2859531900_1.jpg,1893,2524
1824,2861015002_1.jpg,1001,853
1825,2861845083_1.jpg,2182,2182
1826,2861948045_1.jpg,2899,2048
1827,2861948517_1.jpg,2855,2048
1828,2862378871_1.jpg,744,850
1829,2862779132_1.jpg,3041,2048
1830,2862780316_1.jpg,3064,2048
1831,2863358045_1.jpg,2597,2597
1832,2863670139_1.jpg,1848,2378
1833,2864260911_1.jpg,3745,2592
1834,2864812753_1.jpg,1903,1903
1835,2864812753_2.jpg,1914,2070
1836,2864905534_1.jpg,2392,3824
1837,2865881929_1.jpg,1603,1604
1838,2865980402_1.jpg,1543,1539
1839,2867434117_1.jpg,1200,1201
1840,2867659261_1.jpg,3072,2048
1841,2868155068_1.jpg,1092,1464
1842,2868566775_1.jpg,896,766
1843,2869128864_1.jpg,1233,1376
1844,2869939639_1.jpg,1319,1319
1845,2869939639_2.jpg,1629,1629
1846,2869939639_3.jpg,1318,1319
1847,2871609349_1.jpg,676,904
1848,2872584528_1.jpg,800,575
1849,2875351769_1.jpg,1817,1549
1850,2876086461_1.jpg,800,600
1851,2876269569_1.jpg,3008,2000
1852,2876276251_1.jpg,3008,2000
1853,2876286822_1.jpg,1619,2000
1854,2876924522_1.jpg,800,600
1855,2877095014_1.jpg,3008,2000
1856,2877384571_1.jpg,2637,3917
1857,2877388805_1.jpg,2269,2269
1858,2879006749_1.jpg,947,615
1859,2879155528_1.jpg,966,966
1860,2879155528_2.jpg,869,869
1861,2879451526_1.jpg,952,1024
1862,2879485750_1.jpg,864,1081
1863,2879550020_1.jpg,2735,2575
1864,2879755333_1.jpg,2000,2000
1865,2880878213_1.jpg,1051,1051
1866,288094234_1.jpg,2576,1932
1867,2882149940_1.jpg,1557,1556
1868,2882152573_1.jpg,2171,2131
1869,2882152593_1.jpg,2154,3282
1870,2882152659_1.jpg,1105,1091
1871,2882168825_1.jpg,1373,1067
1872,288343911_1.jpg,2088,1996
1873,288343911_2.jpg,2053,2050
1874,288344083_1.jpg,1838,2079
1875,288344083_2.jpg,1717,1988
1876,288344083_3.jpg,1711,1710
1877,288346752_1.jpg,2336,3290
1878,2887911765_1.jpg,1118,896
1879,2889009039_1.jpg,1010,955
1880,2890129701_1.jpg,1024,768
1881,289029016_1.jpg,941,852
1882,2890964494_1.jpg,768,1024
1883,2891259033_1.jpg,905,680
1884,2891449285_1.jpg,1252,1239
1885,2893839207_1.jpg,898,778
1886,2894694074_1.jpg,852,1200
1887,2895317691_1.jpg,800,607
1888,2896253715_1.jpg,1503,1503
1889,2898256824_1.jpg,2531,2000
1890,2898288466_1.jpg,935,717
1891,2898498038_1.jpg,1155,1155
1892,2898498038_2.jpg,1145,1145
1893,2898498038_3.jpg,1035,1034
1894,2899042869_1.jpg,1021,1330
1895,290160311_1.jpg,867,962
1896,2904389281_1.jpg,800,635
1897,2906597545_1.jpg,3072,2048
1898,2906680022_1.jpg,1021,1020
1899,2908244346_1.jpg,2672,2000
1900,2908549_1.jpg,652,831
1901,2911244712_1.jpg,610,762
1902,2912595996_1.jpg,512,640
1903,291331356_1.jpg,800,800
1904,2914754366_1.jpg,3072,2048
1905,291541184_1.jpg,640,427
1906,2915550024_1.jpg,1184,1238
1907,2917514517_1.jpg,3008,2000
1908,2917878894_1.jpg,1568,1659
1909,291888779_1.jpg,681,851
1910,2919219678_1.jpg,1107,797
1911,292071013_1.jpg,3172,2828
1912,2920710678_1.jpg,1024,768
1913,292114712_1.jpg,1453,1377
1914,2921334922_1.jpg,2078,2000
1915,2921334924_1.jpg,1858,1816
1916,2921334928_1.jpg,1379,1743
1917,2921367538_1.jpg,1731,2008
1918,2921367538_2.jpg,1727,1727
1919,2921367780_2.jpg,1663,1663
1920,2921368012_2.jpg,1693,1773
1921,2921368242_1.jpg,1766,1766
1922,2921821351_1.jpg,1024,683
1923,2922728404_1.jpg,1600,1067
1924,2923854121_1.jpg,1600,1066
1925,2924895893_1.jpg,685,964
1926,2925378694_1.jpg,1567,1370
1927,2925420542_1.jpg,1645,1645
1928,2926246380_1.jpg,956,768
1929,2927565564_1.jpg,1140,1296
1930,2931219937_1.jpg,536,800
1931,2932055669_1.jpg,2277,2048
1932,293279342_1.jpg,1797,1400
1933,2933512856_1.jpg,921,921
1934,2934075713_1.jpg,1024,576
1935,2934932210_1.jpg,1024,576
1936,2935679960_1.jpg,1971,1357
1937,2936371006_1.jpg,3065,2048
1938,2936371718_1.jpg,2507,2020
1939,2936372160_1.jpg,2348,2006
1940,2937757570_1.jpg,3872,2592
1941,2938251541_1.jpg,683,989
1942,2938258611_1.jpg,683,894
1943,2938393693_1.jpg,932,640
1944,2939104600_1.jpg,683,1024
1945,2939107478_1.jpg,683,1024
1946,2939119284_1.jpg,683,934
1947,2939528463_1.jpg,963,1280
1948,2939530219_1.jpg,3264,2176
1949,2939732721_1.jpg,3872,2592
1950,2940585434_1.jpg,3133,2592
1951,2940587892_1.jpg,3872,2592
1952,2941961941_1.jpg,3648,2736
1953,2942017513_1.jpg,984,685
1954,2942506445_1.jpg,1753,1753
1955,2942906283_1.jpg,1514,1498
1956,2943357054_1.jpg,2028,2019
1957,2943360326_1.jpg,930,930
1958,2943361594_1.jpg,1268,1268
1959,2943363160_1.jpg,2029,3044
1960,2944315612_1.jpg,1383,1866
1961,2945207608_1.jpg,3072,2048
1962,2945212488_1.jpg,997,1024
1963,2945298787_1.jpg,1516,1379
1964,2945298787_2.jpg,1386,1386
1965,2945300917_1.jpg,2845,2048
1966,2945302269_1.jpg,2759,2048
1967,2947090433_1.jpg,968,720
1968,2947222498_1.jpg,2393,2048
1969,2948551782_1.jpg,3072,2048
1970,2948663357_1.jpg,640,640
1971,294910692_1.jpg,1263,1263
1972,294910698_1.jpg,3421,2304
1973,2950198886_1.jpg,1173,800
1974,2950368779_1.jpg,563,750
1975,2950978886_1.jpg,633,1024
1976,2952691495_1.jpg,2415,2048
1977,2952986052_1.jpg,1104,1104
1978,2953542090_1.jpg,2725,2048
1979,2954583227_1.jpg,2030,2361
1980,2957223413_1.jpg,948,948
1981,2957223541_1.jpg,1857,1857
1982,2957247402_1.jpg,683,938
1983,2957533922_1.jpg,3568,2592
1984,2958065492_1.jpg,2352,2832
1985,2958560071_1.jpg,1323,1366
1986,2958855782_1.jpg,2413,1999
1987,2959228565_1.jpg,799,800
1988,295960450_1.jpg,1271,1152
1989,2960256451_1.jpg,900,600
1990,2962206738_1.jpg,683,942
1991,2962437091_1.jpg,1016,983
1992,2962805676_2.jpg,1103,1102
1993,2962805676_3.jpg,824,825
1994,2964968233_1.jpg,1735,1736
1995,2965035072_1.jpg,667,1000
1996,2966782955_1.jpg,2784,2048
1997,2966783423_1.jpg,2910,1940
1998,296814969_1.jpg,1037,1027
1999,296814969_2.jpg,969,969
2000,296814969_3.jpg,846,846
2001,2968560214_1.jpg,683,1024
2002,2968784797_1.jpg,4288,2848
2003,296961468_1.jpg,2304,2898
2004,2970690152_2.jpg,1307,1593
2005,2971848745_1.jpg,2592,3888
2006,2973812451_1.jpg,2934,2048
2007,2973812613_1.jpg,3009,2006
2008,297461011_1.jpg,921,1199
2009,2975463532_1.jpg,1922,1922
2010,2977452543_1.jpg,3277,2661
2011,2978322154_1.jpg,2241,2274
2012,2978322154_2.jpg,1698,1698
2013,2980607773_1.jpg,1464,1464
2014,2981942448_1.jpg,1392,1692
2015,2982058191_1.jpg,1873,2944
2016,2983130985_1.jpg,1024,763
2017,2983659912_1.jpg,2164,2163
2018,2983659920_1.jpg,1755,1756
2019,2983659924_1.jpg,3395,2973
2020,2984236559_1.jpg,477,726
2021,2984431316_1.jpg,2335,2335
2022,2984478058_1.jpg,1074,1142
2023,2985256877_1.jpg,2071,2314
2024,2985256907_1.jpg,2207,2310
2025,2986008801_1.jpg,2338,2000
2026,2986046144_1.jpg,798,1200
2027,298620293_1.jpg,2048,2626
2028,2988554491_1.jpg,1513,1494
2029,2988554491_2.jpg,1246,1246
2030,2988557119_1.jpg,2480,2014
2031,2988905072_1.jpg,1610,1610
2032,2990717111_1.jpg,800,542
2033,299189676_1.jpg,1568,1619
2034,2993039649_1.jpg,916,852
2035,2993129254_1.jpg,1808,1808
2036,2993871777_1.jpg,1646,2116
2037,299527853_1.jpg,1007,1007
2038,2996372177_1.jpg,3011,2007
2039,2998446585_1.jpg,1486,1485
2040,2998572157_1.jpg,2453,2453
2041,2998572157_2.jpg,2479,2479
2042,3000401944_1.jpg,941,740
2043,3000819872_1.jpg,2179,2180
2044,3002247460_1.jpg,797,1005
2045,3002247464_1.jpg,797,993
2046,3002568151_2.jpg,1664,1663
2047,3002568151_3.jpg,1610,1851
2048,3004312424_1.jpg,1163,1031
2049,3004338997_1.jpg,707,680
2050,3005087184_1.jpg,1758,1555
2051,3005381551_1.jpg,972,963
2052,3006104548_1.jpg,800,643
2053,3006823882_1.jpg,2336,1561
2054,3006930100_1.jpg,1505,1504
2055,3008360513_1.jpg,3018,2367
2056,300840911_1.jpg,1093,835
2057,300852540_1.jpg,513,640
2058,3010358801_1.jpg,3072,2048
2059,3012878684_1.jpg,1451,1562
2060,301384259_1.jpg,2349,1944
2061,3014505740_1.jpg,3713,2806
2062,3016219064_1.jpg,2336,3387
2063,3017468498_1.jpg,1024,679
2064,3020509517_1.jpg,778,941
2065,302142529_1.jpg,2048,3072
2066,302142585_1.jpg,2048,2599
2067,302142598_1.jpg,2048,2526
2068,302148352_1.jpg,2048,2159
2069,3022230063_1.jpg,833,680
2070,3023336098_1.jpg,677,890
2071,3023909862_1.jpg,916,982
2072,3025229116_1.jpg,3456,2304
2073,3026147764_1.jpg,2112,2384
2074,3026829129_1.jpg,3105,2732
2075,3029583659_1.jpg,3063,2048
2076,3029583859_1.jpg,3072,2048
2077,3030012395_1.jpg,2599,2909
2078,3034068134_1.jpg,795,712
2079,3035040633_1.jpg,686,1009
2080,3035557812_1.jpg,797,963
2081,3035796193_1.jpg,924,795
2082,3036412907_1.jpg,1100,1100
2083,3036412907_2.jpg,1074,1074
2084,3036412907_3.jpg,1093,1093
2085,3036412907_4.jpg,1012,1012
2086,3036412907_5.jpg,891,891
2087,3036476835_1.jpg,800,717
2088,3036934213_1.jpg,2963,2572
2089,3037891920_1.jpg,1024,768
2090,3038488195_1.jpg,903,902
2091,3038704879_2.jpg,948,1207
2092,3038732539_1.jpg,1390,1390
2093,3038747613_1.jpg,2052,2052
2094,3038768709_1.jpg,2848,4027
2095,3039319098_1.jpg,922,922
2096,3039563250_1.jpg,998,682
2097,3039565724_1.jpg,682,990
2098,3039925276_1.jpg,3888,2592
2099,3040240981_1.jpg,3072,2048
2100,3041080378_1.jpg,2734,2030
2101,3042655945_1.jpg,600,524
2102,3042677096_1.jpg,1552,1403
2103,3042677096_2.jpg,1453,1453
2104,30427236_1.jpg,1101,900
2105,30427236_2.jpg,792,877
2106,3045005984_1.jpg,981,768
2107,3045921676_1.jpg,683,993
2108,3048153244_1.jpg,1613,1517
2109,3048914345_1.jpg,2050,1906
2110,3049194263_1.jpg,1600,1548
2111,3049915594_1.jpg,2373,3560
2112,3050267766_1.jpg,4260,2912
2113,3051471764_1.jpg,750,600
2114,3051542838_1.jpg,768,1007
2115,3051765471_1.jpg,2512,2475
2116,3051765471_2.jpg,2553,2501
2117,3051975799_1.jpg,1000,750
2118,3052055699_1.jpg,3334,2743
2119,3052055699_2.jpg,2620,2743
2120,3052817324_1.jpg,641,800
2121,3052865023_1.jpg,1825,1657
2122,3052865023_2.jpg,1518,1584
2123,3052865023_3.jpg,1555,1556
2124,3052865023_4.jpg,1341,1341
2125,3052865023_5.jpg,1260,1260
2126,3053981414_1.jpg,2382,2622
2127,30542618_1.jpg,640,427
2128,305612849_1.jpg,1096,953
2129,3057282922_1.jpg,2827,2586
2130,3057639344_1.jpg,922,922
2131,3058776532_1.jpg,1586,1586
2132,305917477_1.jpg,2263,2336
2133,305917477_2.jpg,2313,2336
2134,3059898359_1.jpg,1582,1393
2135,3059898383_1.jpg,1194,1162
2136,3059914145_1.jpg,1189,1150
2137,3059914145_2.jpg,1082,1082
2138,3059914159_1.jpg,1233,1233
2139,3059991197_1.jpg,1337,1277
2140,3059991217_1.jpg,1067,1067
2141,3059991227_1.jpg,883,883
2142,3059991235_1.jpg,1469,1367
2143,3060400828_1.jpg,899,830
2144,3061006494_1.jpg,2467,3283
2145,3061668030_1.jpg,812,683
2146,3065355522_1.jpg,1200,920
2147,3066109411_1.jpg,2009,1765
2148,3066644361_1.jpg,1944,2592
2149,3067126321_1.jpg,2722,2000
2150,3070875477_1.jpg,2978,2048
2151,3071120472_1.jpg,852,929
2152,3071550860_1.jpg,768,1024
2153,3071735588_1.jpg,2808,2048
2154,3073619793_1.jpg,800,605
2155,307494478_1.jpg,1037,1404
2156,3075293468_1.jpg,1633,1654
2157,3075293468_2.jpg,1497,1685
2158,3077501407_1.jpg,700,800
2159,3077637317_1.jpg,1328,1329
2160,3078135517_1.jpg,1632,1224
2161,3078332786_1.jpg,700,800
2162,3079176108_1.jpg,1445,1795
2163,3080573833_1.jpg,686,1011
2164,3080740886_1.jpg,1619,1620
2165,3081187199_1.jpg,3162,4434
2166,3081510905_1.jpg,800,608
2167,3082881316_1.jpg,2528,1989
2168,308315761_1.jpg,1267,1267
2169,308315761_2.jpg,1011,1128
2170,308315761_3.jpg,870,870
2171,3083968872_1.jpg,800,600
2172,3084206931_1.jpg,858,797
2173,3084329562_1.jpg,2592,3025
2174,30844800_1.jpg,1000,1332
2175,313525679_1.jpg,2066,1844
2176,3138240967_1.jpg,3025,2048
2177,3138241291_1.jpg,3029,2048
2178,313914487_1.jpg,1065,964
2179,3139620200_1.jpg,681,1024
2180,3141909424_1.jpg,3072,2048
2181,3144473012_2.jpg,2245,2048
2182,3151235633_1.jpg,601,900
2183,3152114098_1.jpg,1223,1223
2184,315336719_1.jpg,750,1010
2185,3154364424_1.jpg,2275,1843
2186,3155317888_1.jpg,1768,1768
2187,3156458544_1.jpg,2632,2495
2188,3159679449_1.jpg,1373,1066
2189,3160369021_1.jpg,3072,2048
2190,3160584865_1.jpg,1024,855
2191,3160586857_1.jpg,907,800
2192,3160850636_1.jpg,1964,2946
2193,3160852076_1.jpg,1928,1928
2194,3161007246_1.jpg,2211,2138
2195,3161408082_1.jpg,1066,1537
2196,3163645286_1.jpg,1832,1512
2197,3166166183_1.jpg,3072,2048
2198,3166167569_1.jpg,2892,1928
2199,3166944042_1.jpg,1491,1230
2200,3166977555_1.jpg,2912,4368
2201,3166996956_1.jpg,3072,2048
2202,3166997470_1.jpg,2558,1788
2203,31681454_1.jpg,826,761
2204,3168247070_1.jpg,1024,768
2205,3173028919_2.jpg,1172,1173
2206,3173901928_1.jpg,2392,2107
2207,3175828165_1.jpg,3888,2592
2208,3176867704_1.jpg,683,875
2209,3179042789_1.jpg,2624,2048
2210,3179878396_1.jpg,2757,2048
2211,3180195675_1.jpg,2457,2679
2212,3181052163_1.jpg,930,850
2213,318440234_1.jpg,533,800
2214,3186478027_1.jpg,1275,872
2215,3187466455_1.jpg,686,639
2216,3187824420_1.jpg,1991,2235
2217,3187824420_2.jpg,2805,2235
2218,3187824420_3.jpg,1969,2223
2219,3191256033_1.jpg,856,742
2220,3193158927_1.jpg,2671,2288
2221,3193845284_1.jpg,809,743
2222,3195123827_1.jpg,1096,1096
2223,3197527888_1.jpg,960,1280
2224,3198058669_1.jpg,3675,3297
2225,3198136331_1.jpg,3061,3518
2226,3201388986_1.jpg,1299,1172
2227,3201451573_1.jpg,2336,2951
2228,3202279106_1.jpg,2288,3408
2229,3203248403_1.jpg,853,682
2230,3203334240_1.jpg,1911,2289
2231,3207706370_2.jpg,1185,1184
2232,3209573417_2.jpg,2358,2227
2233,3210193974_1.jpg,990,1036
2234,3211099008_1.jpg,2552,2425
2235,3211768569_1.jpg,1185,1353
2236,3212378179_1.jpg,1171,798
2237,3213087169_2.jpg,950,950
2238,3213105453_1.jpg,3684,2848
2239,3213107975_2.jpg,1226,1227
2240,3213143311_1.jpg,2882,2526
2241,3213153149_1.jpg,2435,2839
2242,3213155161_2.jpg,896,896
2243,3213167447_1.jpg,1962,2132
2244,3213211241_1.jpg,2282,2678
2245,3213214947_2.jpg,1543,1543
2246,3213215243_1.jpg,837,1816
2247,3213221051_1.jpg,1172,1532
2248,3213221949_1.jpg,1089,1152
2249,3213224447_1.jpg,2371,2372
2250,3213229323_1.jpg,754,732
2251,3213231361_1.jpg,4193,2848
2252,3213264433_1.jpg,1984,1984
2253,3213270807_1.jpg,1141,1141
2254,3213270807_2.jpg,1122,1123
2255,3213270807_4.jpg,972,971
2256,3213274513_1.jpg,3692,2848
2257,3213507763_1.jpg,1964,2946
2258,3213802370_1.jpg,1797,1797
2259,3213825562_1.jpg,1328,2559
2260,3213949024_1.jpg,3593,2848
2261,3213978420_1.jpg,2354,2354
2262,3214010220_1.jpg,1201,1255
2263,3214010220_3.jpg,1114,1114
2264,3214021244_1.jpg,3022,2179
2265,3214022978_1.jpg,1956,1955
2266,3214066418_2.jpg,1417,1417
2267,3214097106_1.jpg,1441,1441
2268,3214097106_2.jpg,1274,1274
2269,3214115970_1.jpg,1090,1091
2270,3214115970_3.jpg,960,959
2271,3214120096_1.jpg,1093,1093
2272,3214120096_4.jpg,1086,1086
2273,3214120096_5.jpg,961,961
2274,3215987812_1.jpg,2300,2176
2275,3217491791_1.jpg,3072,2048
2276,3217492469_1.jpg,3072,2048
2277,3217614198_1.jpg,1200,797
2278,3218864820_1.jpg,3008,2000
2279,3218988613_1.jpg,1229,1229
2280,3218989431_1.jpg,3328,2835
2281,3218990939_1.jpg,1253,1560
2282,3218991897_1.jpg,1056,1056
2283,3219692565_1.jpg,791,687
2284,3219821966_1.jpg,1623,1946
2285,3219850974_1.jpg,1362,1734
2286,3220050079_1.jpg,1085,999
2287,3220050079_2.jpg,864,864
2288,3220402975_1.jpg,807,540
2289,3222261569_1.jpg,3058,2048
2290,3222262589_1.jpg,3072,2048
2291,3223115234_1.jpg,2428,1882
2292,3223164362_10.jpg,2273,2335
2293,3226773050_1.jpg,852,683
2294,3227182502_1.jpg,948,947
2295,3227200268_1.jpg,2342,2265
2296,3227203804_1.jpg,1047,1048
2297,3227323913_1.jpg,1485,1552
2298,3230011778_1.jpg,450,670
2299,3231797341_1.jpg,898,1115
2300,3233580660_1.jpg,1200,917
2301,3234996955_1.jpg,814,1018
2302,3234997069_1.jpg,988,1211
2303,3236428731_1.jpg,2728,2048
2304,3238436027_1.jpg,749,890
2305,323855036_4.jpg,1071,1072
2306,3239006545_1.jpg,3031,2498
2307,3239209193_1.jpg,3072,2048
2308,3239637522_1.jpg,2336,3051
2309,3241092906_1.jpg,2782,3199
2310,3241295295_1.jpg,1408,1408
2311,3243018729_1.jpg,1426,950
2312,3243602421_1.jpg,1477,1198
2313,3247339235_1.jpg,1061,1061
2314,3247810519_1.jpg,2896,1944
2315,3248183827_1.jpg,1611,1374
2316,3248846504_1.jpg,1387,1430
2317,3249818146_1.jpg,958,683
2318,3251963224_1.jpg,1024,768
2319,3252000476_1.jpg,1041,842
2320,3252851380_1.jpg,2165,1664
2321,3253427659_1.jpg,1113,1114
2322,3255054809_1.jpg,2232,1967
2323,3255410296_1.jpg,1024,768
2324,325564774_1.jpg,1251,1251
2325,3260548295_1.jpg,1815,1497
2326,3260548295_2.jpg,1034,1034
2327,3261640996_1.jpg,1658,1658
2328,3262777136_1.jpg,685,836
2329,3266693323_1.jpg,2116,2116